Time(s),Acceleration(m_s2),1_XY-Field A.1/A/C3/MeshedPart-PART-1-1 at Node 157686
0,-8.80593,
0.00100075,-9.9067,
0.00200062,-8.80595,
0.00300037,-9.90668,
0.00400011,-9.90665,
0.00500074,-116.686,
0.00600049,297.233,
0.00700023,-167.346,
0.00800076,391.977,
0.00900087,485.582,
0.0100001,47.346,
0.0110002,367.774,
0.0120003,323.723,
0.0130005,-123.843,
0.0140008,-133.196,
0.0150001,-107.872,
0.016,-315.877,
0.0170001,50.0657,
0.0180002,-35.7683,
0.0190003,-268.565,
0.0200005,122.165,
0.0210006,-225.65,
0.0220007,7.70601,
0.0230008,-391.922,
0.0240009,-194.879,
0.0250001,244.436,
0.0260002,-38.5396,
0.0270003,382.073,
0.0280004,-48.4518,
0.0290005,182.242,
0.0300006,219.105,
0.0310007,82.5842,
0.0320008,-91.3907,
0.0330001,97.9837,
0.0340002,114.496,
0.0350003,-352.833,
0.0360004,162.371,
0.0370005,-183.804,
0.0380006,209.13,
0.0390007,-521.177,
0.0400008,35.2198,
0.041,-107.302,
0.0420001,67.1374,
0.0430002,184.364,
0.0440003,-223.999,
0.0450004,-17.6105,
0.0460006,-16.5118,
0.0470007,-175.56,
0.0480008,12.1093,
0.0490009,-66.5942,
0.0500001,0.550345,
0.0510002,-4.95312,
0.0520003,97.9452,
0.0530004,-41.2762,
0.0540005,543.731,
0.0550006,307.658,
0.0560007,670.352,
0.0570008,-127.694,
0.0580001,-61.655,
0.0590002,140.391,
0.0600003,-66.0599,
0.0610004,175.088,
0.0620005,-376.027,
0.0630006,403.056,
0.0640007,55.0751,
0.0650008,-519.972,
0.066,768.714,
0.0670001,324.629,
0.0680002,-289.242,
0.0690003,770.46,
0.0700004,790.278,
0.0710006,255.891,
0.0720007,519.045,
0.0730008,244.922,
0.0740009,475.205,
0.0750001,-286.286,
0.0760002,513.801,
0.0770003,39.4335,
0.0780004,-394.287,
0.0790005,95.1106,
0.0800006,242.315,
0.0810007,-77.7301,
0.0820008,349.518,
0.0830001,289.925,
0.0840002,-416.483,
0.0850003,-256.329,
0.0860004,437.966,
0.0870005,-338.212,
0.0880006,1037.08,
0.0890007,418.754,
0.0900008,467.429,
0.091,116.882,
0.0920001,204.822,
0.0930002,167.228,
0.0940003,27.5889,
0.0950004,193.603,
0.0960006,-4.00679,
0.0970007,507.258,
0.0980008,-248.842,
0.0990009,-329.367,
0.1,210.035,
0.101,528.042,
0.102,-128.732,
0.103,24.4638,
0.104001,302.255,
0.105001,311.369,
0.106001,81.4623,
0.107001,525.262,
0.108,-24.2602,
0.109,489.859,
0.11,62.3048,
0.111,336.847,
0.112,-554.331,
0.113001,531.725,
0.114001,-534.45,
0.115001,-897.892,
0.116,-71.242,
0.117,274.748,
0.118,345.162,
0.119,-440.778,
0.12,490.887,
0.121001,-167.543,
0.122001,366.617,
0.123001,-45.4618,
0.124001,28.9324,
0.125,236.938,
0.126001,-38.0244,
0.127,166.991,
0.128001,-3.58225,
0.129,-431.567,
0.130001,-221.819,
0.131,119.722,
0.132,-288.078,
0.133001,-0.137776,
0.134,-32.654,
0.135001,-295.368,
0.136,379.987,
0.137001,-129.076,
0.138,398.441,
0.139001,-259.027,
0.14,99.3505,
0.141,240.041,
0.142001,-191.547,
0.143,226.122,
0.144001,-384.202,
0.145,28.9364,
0.146001,473.346,
0.147,-311.534,
0.148,225.708,
0.149001,-592.636,
0.15,222.663,
0.151001,73.1638,
0.152,-362.412,
0.153001,373.808,
0.154,13.3652,
0.155001,273.598,
0.156,-40.1628,
0.157,230.634,
0.158001,385.803,
0.159,156.81,
0.160001,-133.394,
0.161,147.856,
0.162001,-225.834,
0.163,-166.311,
0.164,-35.687,
0.165,-134.893,
0.166,174.58,
0.167001,62.9623,
0.168,57.732,
0.169001,-22.045,
0.17,258.489,
0.171001,-131.873,
0.172,338.453,
0.173,-212.214,
0.174001,194.304,
0.175,-98.1145,
0.176001,-83.7815,
0.177,-113.552,
0.178001,120.577,
0.179,93.0171,
0.180001,-231.791,
0.181,146.618,
0.182,-142.633,
0.183001,211.793,
0.184,-82.5372,
0.185001,64.2173,
0.186,-277.783,
0.187001,31.6919,
0.188,-7.30305,
0.189,100.311,
0.190001,242.125,
0.191,163.854,
0.192001,-473.354,
0.193,81.2998,
0.194001,-402.799,
0.195,235.501,
0.196001,-196.929,
0.197,83.0912,
0.198,-454.894,
0.199001,237.644,
0.2,-42.0291,
0.201001,476.189,
0.202,-389.397,
0.203001,104.854,
0.204,-479.119,
0.205,340.485,
0.206001,-317.532,
0.207,-129.38,
0.208001,261.371,
0.209,-217.005,
0.210001,-58.0107,
0.211,-647.519,
0.212001,51.9274,
0.213,231.188,
0.214,218.538,
0.215001,-221.113,
0.216,-54.6642,
0.217001,-66.8549,
0.218,127.232,
0.219001,61.4499,
0.22,487.158,
0.221,167.399,
0.222001,-10.609,
0.223,-122.485,
0.224001,-286.313,
0.225,-290.574,
0.226001,-120.574,
0.227,17.9132,
0.228001,-29.5546,
0.229,-87.2166,
0.23,181.532,
0.231001,35.8926,
0.232,-59.5884,
0.233001,123.656,
0.234,-184.823,
0.235001,-30.9981,
0.236,-45.8836,
0.237001,-419.148,
0.238,-135.035,
0.239,-340.859,
0.240001,20.0152,
0.241,-113.586,
0.242001,-449.655,
0.243,-19.3578,
0.244001,-391.668,
0.245,27.3476,
0.246,144.022,
0.247001,319.146,
0.248,461.524,
0.249001,28.4512,
0.25,3.30664,
0.251001,-123.689,
0.252,51.393,
0.253001,-128.685,
0.254,259.122,
0.255001,-264.932,
0.256,-157.291,
0.257001,366.029,
0.258,-381.662,
0.259001,142.612,
0.26,281.008,
0.261,-201.194,
0.262,-24.0107,
0.263,-166.112,
0.264001,-227.802,
0.265,643.716,
0.266001,49.8149,
0.267,-132.561,
0.268001,-457.373,
0.269,-300.697,
0.270001,-57.4764,
0.271,-52.6412,
0.272001,-34.381,
0.273,22.4977,
0.274001,-305.907,
0.275,159.198,
0.276001,184.808,
0.277,133.295,
0.278001,366.316,
0.279,69.1383,
0.280001,-297.664,
0.281,235.141,
0.282001,-47.826,
0.283,353.733,
0.284001,64.9086,
0.285,279.883,
0.286001,-75.1801,
0.287,-152.389,
0.288,-222.682,
0.289,-127.067,
0.29,79.2219,
0.291001,202.678,
0.292,-6.69268,
0.293001,326.342,
0.294,-35.2122,
0.295001,173.892,
0.296,195.35,
0.297001,-46.0306,
0.298,130.235,
0.299001,-116.455,
0.3,-365.045,
Time(s),Acceleration(m_s2),2_XY-Field A.1/A/C3/MeshedPart-PART-1-1 at Node 157617
0,-8.80593,
0.00100075,-9.9067,
0.00200062,-9.90669,
0.00300037,-9.90668,
0.00400011,-9.90665,
0.00500074,-22.0162,
0.00600049,195.954,
0.00700023,-138.721,
0.00800076,255.445,
0.00900087,469.066,
0.0100001,260.954,
0.0110002,542.302,
0.0120003,336.936,
0.0130005,213.56,
0.0140008,218.507,
0.0150001,-257.023,
0.016,-445.749,
0.0170001,-469.297,
0.0180002,-632.824,
0.0190003,-325.801,
0.0200005,-291.656,
0.0210006,-100.167,
0.0220007,369.889,
0.0230008,-23.119,
0.0240009,62.7575,
0.0250001,317.106,
0.0260002,201.507,
0.0270003,146.443,
0.0280004,-81.4872,
0.0290005,159.668,
0.0300006,-101.845,
0.0310007,96.3482,
0.0320008,466.863,
0.0330001,251.014,
0.0340002,-128.807,
0.0350003,251.001,
0.0360004,-151.363,
0.0370005,40.723,
0.0380006,-503.012,
0.0390007,-33.0207,
0.0400008,-305.421,
0.041,-26.4129,
0.0420001,154.086,
0.0430002,2.20136,
0.0440003,-90.8103,
0.0450004,143.085,
0.0460006,-88.063,
0.0470007,238.299,
0.0480008,3.30255,
0.0490009,-173.915,
0.0500001,-40.7256,
0.0510002,246.555,
0.0520003,-209.097,
0.0530004,-169.507,
0.0540005,7.7047,
0.0550006,346.734,
0.0560007,-77.6023,
0.0570008,462.892,
0.0580001,80.9221,
0.0590002,565.419,
0.0600003,98.5394,
0.0610004,578.67,
0.0620005,-287.388,
0.0630006,-31.3855,
0.0640007,187.255,
0.0650008,-476.458,
0.066,-292.398,
0.0670001,792.557,
0.0680002,-83.7423,
0.0690003,65.5828,
0.0700004,893.958,
0.0710006,610.499,
0.0720007,846.137,
0.0730008,407.375,
0.0740009,597.038,
0.0750001,-336.207,
0.0760002,503.321,
0.0770003,426.599,
0.0780004,89.7486,
0.0790005,-332.749,
0.0800006,151.895,
0.0810007,472.582,
0.0820008,-367.297,
0.0830001,317.347,
0.0840002,-155.733,
0.0850003,534.846,
0.0860004,152.006,
0.0870005,550.112,
0.0880006,-279.049,
0.0890007,156.516,
0.0900008,-140.05,
0.091,821.347,
0.0920001,-602.992,
0.0930002,455.414,
0.0940003,-212.25,
0.0950004,156.145,
0.0960006,541.718,
0.0970007,129.106,
0.0980008,-133.57,
0.0990009,81.2605,
0.1,-290.225,
0.101,593.858,
0.102,-400.598,
0.103,560.463,
0.104001,14.4719,
0.105001,-51.826,
0.106001,-47.5541,
0.107001,568.54,
0.108,-412.837,
0.109,195.861,
0.11,235.986,
0.111,-155.192,
0.112,159.05,
0.113001,89.8613,
0.114001,383.955,
0.115001,226.575,
0.116,-100.593,
0.117,92.8687,
0.118,171.41,
0.119,-138.613,
0.12,-479.452,
0.121001,34.17,
0.122001,179.382,
0.123001,-84.5864,
0.124001,-406.431,
0.125,-481.865,
0.126001,476.132,
0.127,218.796,
0.128001,-12.1245,
0.129,-98.7974,
0.130001,-17.7731,
0.131,-544.605,
0.132,97.2658,
0.133001,-174.011,
0.134,-156.381,
0.135001,15.0164,
0.136,252.406,
0.137001,5.64795,
0.138,346.638,
0.139001,-635.582,
0.14,616.635,
0.141,-696.836,
0.142001,409.552,
0.143,-445.354,
0.144001,798.859,
0.145,-375.346,
0.146001,191.681,
0.147,-108.989,
0.148,-173.621,
0.149001,299.97,
0.15,108.989,
0.151001,36.9264,
0.152,279.043,
0.153001,-216.321,
0.154,165.205,
0.155001,-218.355,
0.156,-386.886,
0.157,122.068,
0.158001,-143.16,
0.159,50.295,
0.160001,144.487,
0.161,-109.755,
0.162001,505.543,
0.163,-124.148,
0.164,-10.1963,
0.165,-292.383,
0.166,-265.521,
0.167001,331.895,
0.168,-357.415,
0.169001,285.69,
0.17,-28.6598,
0.171001,169.629,
0.172,46.8543,
0.173,73.4481,
0.174001,-61.874,
0.175,-134.218,
0.176001,175.831,
0.177,202.161,
0.178001,258.656,
0.179,-360.493,
0.180001,41.342,
0.181,-113.133,
0.182,270.244,
0.183001,-105.828,
0.184,-146.886,
0.185001,-203.401,
0.186,312.368,
0.187001,76.8873,
0.188,-319.405,
0.189,-77.576,
0.190001,-232.892,
0.191,-45.7524,
0.192001,125.263,
0.193,-307.148,
0.194001,179.558,
0.195,142.21,
0.196001,48.9221,
0.197,-29.764,
0.198,21.3598,
0.199001,158.751,
0.2,-116.993,
0.201001,-14.3297,
0.202,89.4262,
0.203001,6.4759,
0.204,-91.3592,
0.205,626.542,
0.206001,-563.002,
0.207,187.664,
0.208001,-336.738,
0.209,277.353,
0.210001,-150.056,
0.211,256.279,
0.212001,0.137784,
0.213,356.427,
0.214,5.64858,
0.215001,-52.213,
0.216,-12.6758,
0.217001,-89.0021,
0.218,-163.535,
0.219001,-181.181,
0.22,-61.6525,
0.221,-318.265,
0.222001,143.842,
0.223,25.2823,
0.224001,-306.774,
0.225,13.0889,
0.226001,-94.7022,
0.227,367.427,
0.228001,-355.964,
0.229,165.064,
0.23,-231.754,
0.231001,299.748,
0.232,-75.5016,
0.233001,-47.327,
0.234,182.412,
0.235001,96.3695,
0.236,-23.6308,
0.237001,174.286,
0.238,-60.9722,
0.239,124.838,
0.240001,157.848,
0.241,-152.533,
0.242001,-22.5293,
0.243,-155.689,
0.244001,62.6945,
0.245,169.665,
0.246,-219.22,
0.247001,237.235,
0.248,33.4113,
0.249001,-372.828,
0.25,-35.5808,
0.251001,-7.95659,
0.252,9.02477,
0.253001,-40.3001,
0.254,-240.726,
0.255001,-43.1622,
0.256,94.8363,
0.257001,52.5138,
0.258,104.484,
0.259001,-112.794,
0.26,277.684,
0.261,-149.758,
0.262,-8.74996,
0.263,-126.082,
0.264001,-48.4333,
0.265,163.289,
0.266001,-149.651,
0.267,-58.3227,
0.268001,40.1325,
0.269,-14.8818,
0.270001,101.243,
0.271,607.097,
0.272001,-386.665,
0.273,147.699,
0.274001,213.928,
0.275,-140.698,
0.276001,-217.636,
0.277,300.559,
0.278001,-279.239,
0.279,79.9208,
0.280001,-67.7254,
0.281,-14.6064,
0.282001,54.9486,
0.283,-37.4472,
0.284001,-32.1442,
0.285,-446.558,
0.286001,64.6714,
0.287,-47.9725,
0.288,-178.42,
0.289,48.6599,
0.29,18.5006,
0.291001,-37.0875,
0.292,-134.431,
0.293001,-32.2483,
0.294,92.5182,
0.295001,-63.3532,
0.296,180.389,
0.297001,197.646,
0.298,-79.8983,
0.299001,299.546,
0.3,-105.306,
Time(s),Acceleration(m_s2),3_XY-Field A.1/A/C3/MeshedPart-PART-1-1 at Node 157560
0,-8.80593,
0.00100075,-9.9067,
0.00200062,-9.90669,
0.00300037,-8.80594,
0.00400011,-9.90665,
0.00500074,-28.621,
0.00600049,100.179,
0.00700023,-8.8077,
0.00800076,222.414,
0.00900087,403,
0.0100001,259.852,
0.0110002,151.404,
0.0120003,389.789,
0.0130005,-224.018,
0.0140008,394.634,
0.0150001,-327.47,
0.016,-261.947,
0.0170001,14.3045,
0.0180002,-116.109,
0.0190003,-226.189,
0.0200005,-442.436,
0.0210006,-167.312,
0.0220007,276.316,
0.0230008,-420.546,
0.0240009,16.5151,
0.0250001,248.84,
0.0260002,412.924,
0.0270003,396.387,
0.0280004,-37.44,
0.0290005,294.01,
0.0300006,194.332,
0.0310007,-94.146,
0.0320008,121.671,
0.0330001,-256.519,
0.0340002,77.0643,
0.0350003,356.686,
0.0360004,-127.145,
0.0370005,544.808,
0.0380006,-169.505,
0.0390007,-313.147,
0.0400008,-102.357,
0.041,-94.0959,
0.0420001,-4.95276,
0.0430002,-323.05,
0.0440003,-223.448,
0.0450004,365.418,
0.0460006,279.6,
0.0470007,483.201,
0.0480008,-48.9878,
0.0490009,120.53,
0.0500001,-195.373,
0.0510002,-8.2552,
0.0520003,106.749,
0.0530004,-104.566,
0.0540005,-553.087,
0.0550006,463.963,
0.0560007,111.725,
0.0570008,260.893,
0.0580001,349.562,
0.0590002,84.7852,
0.0600003,425.536,
0.0610004,898.012,
0.0620005,-911.713,
0.0630006,793.999,
0.0640007,58.3796,
0.0650008,19.8295,
0.066,-159.139,
0.0670001,491.076,
0.0680002,224.231,
0.0690003,305.87,
0.0700004,60.1119,
0.0710006,789.182,
0.0720007,487.053,
0.0730008,324.907,
0.0740009,544.666,
0.0750001,6.61932,
0.0760002,429.409,
0.0770003,25.3698,
0.0780004,421.308,
0.0790005,428.411,
0.0800006,106.271,
0.0810007,-319.327,
0.0820008,381.217,
0.0830001,70.8966,
0.0840002,-4.96141,
0.0850003,-139.948,
0.0860004,424.529,
0.0870005,-513.038,
0.0880006,249.483,
0.0890007,10.4068,
0.0900008,-160.244,
0.091,751.259,
0.0920001,75.5334,
0.0930002,614.042,
0.0940003,-370.873,
0.0950004,688.103,
0.0960006,530.172,
0.0970007,240.842,
0.0980008,389.27,
0.0990009,-66.9934,
0.1,307.11,
0.101,144.726,
0.102,-103.923,
0.103,-199.019,
0.104001,-62.298,
0.105001,184.975,
0.106001,-865.623,
0.107001,-282.685,
0.108,-154.245,
0.109,737.27,
0.11,-389.129,
0.111,548.548,
0.112,-343.184,
0.113001,209.217,
0.114001,500.547,
0.115001,24.5318,
0.116,-72.7577,
0.117,112.986,
0.118,13.7789,
0.119,-252.149,
0.12,-807.629,
0.121001,-310.148,
0.122001,131.85,
0.123001,-56.345,
0.124001,-223.882,
0.125,88.3006,
0.126001,-383,
0.127,500.283,
0.128001,-327.087,
0.129,304.522,
0.130001,-224.988,
0.131,521.322,
0.132,23.6965,
0.133001,402.581,
0.134,-366.496,
0.135001,-499.536,
0.136,-161.749,
0.137001,-677.341,
0.138,-267.418,
0.139001,-316.069,
0.14,359.233,
0.141,250.514,
0.142001,-229.856,
0.143,178.858,
0.144001,-924.4,
0.145,423.574,
0.146001,-400.311,
0.147,-106.922,
0.148,1001.35,
0.149001,-127.043,
0.15,450.287,
0.151001,-167.822,
0.152,15.5713,
0.153001,-154.456,
0.154,-453.867,
0.155001,131.013,
0.156,-500.554,
0.157,-76.6025,
0.158001,442.984,
0.159,212.066,
0.160001,483.83,
0.161,-305.91,
0.162001,155.7,
0.163,106.649,
0.164,-309.471,
0.165,-209.298,
0.166,-413.92,
0.167001,416.35,
0.168,-38.4421,
0.169001,117.527,
0.17,-628.586,
0.171001,-62.767,
0.172,23.7717,
0.173,248.249,
0.174001,-284.841,
0.175,28.6626,
0.176001,158.468,
0.177,72.7614,
0.178001,418.714,
0.179,-122.231,
0.180001,115.069,
0.181,106.932,
0.182,44.2368,
0.183001,3.16932,
0.184,-0.688958,
0.185001,39.9636,
0.186,126.353,
0.187001,-79.6432,
0.188,-30.5901,
0.189,-464.629,
0.190001,293.388,
0.191,-1.5848,
0.192001,277.398,
0.193,77.7171,
0.194001,73.1736,
0.195,542.521,
0.196001,-12.1272,
0.197,-245.691,
0.198,408.316,
0.199001,-421.131,
0.2,106.382,
0.201001,-435.128,
0.202,-134.759,
0.203001,-231.617,
0.204,-0.688984,
0.205,86.947,
0.206001,-158.869,
0.207,60.2122,
0.208001,-186.763,
0.209,200.471,
0.210001,274.069,
0.211,-85.4265,
0.212001,183.115,
0.213,-29.6219,
0.214,160.502,
0.215001,-158.981,
0.216,336.597,
0.217001,-399.132,
0.218,163.397,
0.219001,-364.015,
0.22,-295.105,
0.221,-196.884,
0.222001,191.72,
0.223,-116.629,
0.224001,365.194,
0.225,-82.5292,
0.226001,215.793,
0.227,-159.979,
0.228001,-25.0766,
0.229,-351.898,
0.23,332.062,
0.231001,-332.196,
0.232,-38.9908,
0.233001,-630.889,
0.234,-327.006,
0.235001,-126.334,
0.236,323.252,
0.237001,-27.7618,
0.238,191.529,
0.239,-119.12,
0.240001,440.955,
0.241,-94.248,
0.242001,60.6292,
0.243,-131.853,
0.244001,112.574,
0.245,-158.712,
0.246,-248.155,
0.247001,6.26839,
0.248,21.3557,
0.249001,-187.379,
0.25,55.3174,
0.251001,-249.375,
0.252,92.2456,
0.253001,116.629,
0.254,-125.22,
0.255001,482.466,
0.256,320.576,
0.257001,260.003,
0.258,39.272,
0.259001,-137.117,
0.26,-204.633,
0.261,-210.771,
0.262,54.1533,
0.263,-196.013,
0.264001,200.14,
0.265,-71.1029,
0.266001,-335.337,
0.267,79.578,
0.268001,268.078,
0.269,-303.285,
0.270001,-77.439,
0.271,-94.1203,
0.272001,-553.472,
0.273,362.719,
0.274001,180.099,
0.275,403.49,
0.276001,-120.496,
0.277,-28.664,
0.278001,-44.4385,
0.279,0,
0.280001,-201.557,
0.281,-195.085,
0.282001,101.336,
0.283,100.181,
0.284001,-267.645,
0.285,96.0158,
0.286001,46.7722,
0.287,214.75,
0.288,233.449,
0.289,-17.7759,
0.29,-157.238,
0.291001,-24.6676,
0.292,3.61766,
0.293001,-189.907,
0.294,164.553,
0.295001,-110.702,
0.296,-188.012,
0.297001,-270.843,
0.298,80.7338,
0.299001,-378.046,
0.3,209.36,
Time(s),Acceleration(m_s2),4_XY-Field A.1/A/C3/MeshedPart-PART-1-1 at Node 157673
0,-8.80593,
0.00100075,-9.9067,
0.00200062,-9.90669,
0.00300037,-11.0074,
0.00400011,-8.80591,
0.00500074,-298.319,
0.00600049,258.703,
0.00700023,-587.914,
0.00800076,-25.3243,
0.00900087,-90.2896,
0.0100001,-434.923,
0.0110002,-66.0672,
0.0120003,-4.4044,
0.0130005,56.1421,
0.0140008,169.522,
0.0150001,362.143,
0.016,254.242,
0.0170001,250.879,
0.0180002,327.968,
0.0190003,210.229,
0.0200005,409.418,
0.0210006,-84.7565,
0.0220007,444.747,
0.0230008,337.978,
0.0240009,103.495,
0.0250001,156.351,
0.0260002,-297.856,
0.0270003,-72.6709,
0.0280004,-251.069,
0.0290005,-106.813,
0.0300006,-255.439,
0.0310007,120.022,
0.0320008,-15.4153,
0.0330001,134.315,
0.0340002,155.23,
0.0350003,-105.685,
0.0360004,532.798,
0.0370005,-282.86,
0.0380006,538.784,
0.0390007,14.8593,
0.0400008,177.75,
0.041,457.823,
0.0420001,-60.5337,
0.0430002,298.835,
0.0440003,69.8964,
0.0450004,468.88,
0.0460006,25.3181,
0.0470007,35.7723,
0.0480008,344.566,
0.0490009,321.413,
0.0500001,-168.406,
0.0510002,310.395,
0.0520003,257.519,
0.0530004,-13.7587,
0.0540005,300.483,
0.0550006,-151.352,
0.0560007,-332.424,
0.0570008,-83.6618,
0.0580001,292.311,
0.0590002,151.953,
0.0600003,-115.605,
0.0610004,861.123,
0.0620005,681.032,
0.0630006,514.557,
0.0640007,-252.519,
0.0650008,242.085,
0.066,72.4111,
0.0670001,-49.3281,
0.0680002,58.1238,
0.0690003,173.602,
0.0700004,-511.778,
0.0710006,69.212,
0.0720007,-29.51,
0.0730008,21.5134,
0.0740009,152.705,
0.0750001,-326.829,
0.0760002,91.0115,
0.0770003,229.431,
0.0780004,-312.397,
0.0790005,647.304,
0.0800006,292.487,
0.0810007,-216.101,
0.0820008,24.2568,
0.0830001,456.108,
0.0840002,30.0441,
0.0850003,-107.769,
0.0860004,269.284,
0.0870005,-235.398,
0.0880006,194.073,
0.0890007,-49.3463,
0.0900008,433.106,
0.091,384.278,
0.0920001,94.5546,
0.0930002,94.8498,
0.0940003,383.246,
0.0950004,-3.44672,
0.0960006,116.499,
0.0970007,610.446,
0.0980008,1093.06,
0.0990009,7.68495,
0.1,275.303,
0.101,-56.3741,
0.102,25.9117,
0.103,-90.8263,
0.104001,55.4066,
0.105001,-298.757,
0.106001,145.971,
0.107001,-22.3281,
0.108,-475.487,
0.109,230.733,
0.11,-136.74,
0.111,-14.7818,
0.112,-120.459,
0.113001,231.234,
0.114001,189.566,
0.115001,563.198,
0.116,108.585,
0.117,244.986,
0.118,-193.043,
0.119,-11.0229,
0.12,565.698,
0.121001,-345.696,
0.122001,334.24,
0.123001,-169.173,
0.124001,375.708,
0.125,224.815,
0.126001,363.988,
0.127,-25.0762,
0.128001,281.62,
0.129,271.176,
0.130001,-413.879,
0.131,90.3772,
0.132,123.993,
0.133001,163.126,
0.134,306.148,
0.135001,-25.6243,
0.136,88.1768,
0.137001,-165.857,
0.138,-329.83,
0.139001,-28.9339,
0.14,-752.914,
0.141,62.8352,
0.142001,-508.77,
0.143,6.61416,
0.144001,-117.41,
0.145,-392.984,
0.146001,-195.402,
0.147,-607.911,
0.148,324.369,
0.149001,-233.141,
0.15,-237.82,
0.151001,517.933,
0.152,-210.971,
0.153001,657.368,
0.154,12.6763,
0.155001,135.835,
0.156,290.991,
0.157,-39.1279,
0.158001,65.8621,
0.159,-188.503,
0.160001,139.182,
0.161,12.9529,
0.162001,72.2008,
0.163,-140.82,
0.164,-20.117,
0.165,-264.826,
0.166,89.9767,
0.167001,-130.609,
0.168,157.626,
0.169001,-323.924,
0.17,78.9521,
0.171001,-285.242,
0.172,445.805,
0.173,-444.96,
0.174001,-91.7775,
0.175,-149.376,
0.176001,-438.888,
0.177,100.874,
0.178001,-464.189,
0.179,286.286,
0.180001,129.814,
0.181,-309.979,
0.182,252.467,
0.183001,-11.6438,
0.184,-58.4237,
0.185001,783.906,
0.186,-9.36965,
0.187001,284.125,
0.188,-94.9396,
0.189,176.096,
0.190001,-310.89,
0.191,116.862,
0.192001,15.434,
0.193,-74.5478,
0.194001,-129.673,
0.195,166.67,
0.196001,-496.318,
0.197,184.923,
0.198,-29.3525,
0.199001,-46.3713,
0.2,-426.906,
0.201001,18.6356,
0.202,-1.89462,
0.203001,-63.6911,
0.204,-189.074,
0.205,24.9404,
0.206001,-67.3094,
0.207,170.303,
0.208001,-320.342,
0.209,-139.193,
0.210001,53.808,
0.211,243.431,
0.212001,251.663,
0.213,-546.902,
0.214,179.825,
0.215001,-213.743,
0.216,316.205,
0.217001,-76.0513,
0.218,219.333,
0.219001,107.503,
0.22,-85.0046,
0.221,-114.975,
0.222001,-89.1432,
0.223,358.98,
0.224001,305.534,
0.225,85.6981,
0.226001,129.117,
0.227,-121.396,
0.228001,-241.053,
0.229,-92.039,
0.23,91.9715,
0.231001,-236.987,
0.232,-205.149,
0.233001,331.22,
0.234,-444.389,
0.235001,34.5801,
0.236,4.68481,
0.237001,190.682,
0.238,323.738,
0.239,15.8459,
0.240001,-119.127,
0.241,384.295,
0.242001,-69.1035,
0.243,460.178,
0.244001,-610.823,
0.245,237.931,
0.246,-401.719,
0.247001,-66.7825,
0.248,-535.744,
0.249001,176.442,
0.25,104.883,
0.251001,-85.077,
0.252,31.7589,
0.253001,115.699,
0.254,337.148,
0.255001,-65.3805,
0.256,-289.504,
0.257001,510.361,
0.258,-262.847,
0.259001,93.2257,
0.26,-179.484,
0.261,-193.683,
0.262,-132.627,
0.263,279.448,
0.264001,-323.738,
0.265,-116.093,
0.266001,-572.581,
0.267,221.561,
0.268001,44.9897,
0.269,206.131,
0.270001,45.0019,
0.271,-271.1,
0.272001,20.2824,
0.273,-59.0177,
0.274001,10.1883,
0.275,127.727,
0.276001,-221.115,
0.277,-128.609,
0.278001,-1.20569,
0.279,-147.75,
0.280001,-66.0719,
0.281,411.185,
0.282001,-223.481,
0.283,-52.9842,
0.284001,347.764,
0.285,-147.555,
0.286001,241.493,
0.287,-95.23,
0.288,426.142,
0.289,188.301,
0.29,-0.999102,
0.291001,276.856,
0.292,-265.709,
0.293001,9.71584,
0.294,-12.2657,
0.295001,-52.5086,
0.296,-229.338,
0.297001,-219.063,
0.298,-294.442,
0.299001,216.476,
0.3,227.681,
Time(s),Acceleration(m_s2),5_XY-Field A.1/A/C3/MeshedPart-PART-1-1 at Node 157630
0,-8.80593,
0.00100075,-9.9067,
0.00200062,-9.90669,
0.00300037,-9.90668,
0.00400011,-11.0074,
0.00500074,-117.787,
0.00600049,26.4207,
0.00700023,-231.202,
0.00800076,-224.616,
0.00900087,-142.041,
0.0100001,-523.008,
0.0110002,-92.4941,
0.0120003,-213.613,
0.0130005,-253.19,
0.0140008,189.336,
0.0150001,-19.8133,
0.016,486.472,
0.0170001,775.744,
0.0180002,402.806,
0.0190003,695.628,
0.0200005,278.449,
0.0210006,-112.275,
0.0220007,473.369,
0.0230008,-265.318,
0.0240009,-95.7878,
0.0250001,57.2552,
0.0260002,-242.249,
0.0270003,343.535,
0.0280004,-122.231,
0.0290005,125.532,
0.0300006,-246.631,
0.0310007,28.6292,
0.0320008,-95.7951,
0.0330001,-161.838,
0.0340002,9.90827,
0.0350003,417.234,
0.0360004,-155.216,
0.0370005,546.459,
0.0380006,195.922,
0.0390007,348.919,
0.0400008,195.36,
0.041,77.0376,
0.0420001,-0.550306,
0.0430002,163.451,
0.0440003,400.666,
0.0450004,108.965,
0.0460006,28.0701,
0.0470007,335.159,
0.0480008,50.639,
0.0490009,100.717,
0.0500001,1.10069,
0.0510002,-77.5988,
0.0520003,223.403,
0.0530004,292.235,
0.0540005,210.228,
0.0550006,46.2312,
0.0560007,183.824,
0.0570008,-62.196,
0.0580001,39.0848,
0.0590002,-398.05,
0.0600003,-69.9134,
0.0610004,194.358,
0.0620005,121.121,
0.0630006,733.43,
0.0640007,377.815,
0.0650008,251.173,
0.066,259.359,
0.0670001,109.404,
0.0680002,-167.76,
0.0690003,360.43,
0.0700004,-609.667,
0.0710006,128.221,
0.0720007,-363.497,
0.0730008,545.557,
0.0740009,-563.41,
0.0750001,409.571,
0.0760002,-271.104,
0.0770003,413.363,
0.0780004,448.881,
0.0790005,948.35,
0.0800006,46.3127,
0.0810007,219.684,
0.0820008,84.3474,
0.0830001,331.402,
0.0840002,263.092,
0.0850003,321.239,
0.0860004,-478.207,
0.0870005,678.906,
0.0880006,63.2667,
0.0890007,108.893,
0.0900008,-497.135,
0.091,689.027,
0.0920001,-114.61,
0.0930002,468.528,
0.0940003,7.96132,
0.0950004,-126.081,
0.0960006,-278.631,
0.0970007,354.784,
0.0980008,533.903,
0.0990009,162.969,
0.1,-126.107,
0.101,710.466,
0.102,-181.21,
0.103,323.646,
0.104001,110.193,
0.105001,68.5384,
0.106001,-5.72028,
0.107001,675.149,
0.108,-320.552,
0.109,454.023,
0.11,-158.863,
0.111,353.524,
0.112,-50.1682,
0.113001,121.699,
0.114001,-282.247,
0.115001,78.2813,
0.116,51.8123,
0.117,166.309,
0.118,83.2248,
0.119,50.1542,
0.12,284.089,
0.121001,328.886,
0.122001,-473.943,
0.123001,298.67,
0.124001,31.4123,
0.125,43.1172,
0.126001,-50.6993,
0.127,27.0051,
0.128001,-267.153,
0.129,237.279,
0.130001,108.705,
0.131,-58.2767,
0.132,129.78,
0.133001,103.056,
0.134,123.865,
0.135001,-181.712,
0.136,92.7234,
0.137001,-209.387,
0.138,300.897,
0.139001,-8.81796,
0.14,186.575,
0.141,332.916,
0.142001,-121.818,
0.143,431.85,
0.144001,-334.868,
0.145,363.221,
0.146001,-148.549,
0.147,-49.3273,
0.148,40.7872,
0.149001,-77.9894,
0.15,-396.55,
0.151001,78.813,
0.152,-80.7503,
0.153001,211.636,
0.154,-492.447,
0.155001,431.751,
0.156,-100.028,
0.157,-21.2172,
0.158001,5.51147,
0.159,-301.77,
0.160001,66.6971,
0.161,-189.195,
0.162001,16.5345,
0.163,-482.4,
0.164,397.105,
0.165,-360.174,
0.166,303.964,
0.167001,-15.4306,
0.168,58.421,
0.169001,-70.9574,
0.17,-90.3885,
0.171001,101.282,
0.172,75.6559,
0.173,-390.942,
0.174001,394.671,
0.175,-255.759,
0.176001,90.1202,
0.177,-148.554,
0.178001,-189.617,
0.179,218.556,
0.180001,15.9856,
0.181,-376.605,
0.182,162.822,
0.183001,-120.09,
0.184,118.363,
0.185001,-4.68538,
0.186,-298.175,
0.187001,34.3099,
0.188,81.8493,
0.189,-96.1777,
0.190001,-6.33906,
0.191,-290.845,
0.192001,232.405,
0.193,-270.977,
0.194001,-18.4657,
0.195,4.68522,
0.196001,40.5847,
0.197,149.785,
0.198,-39.8256,
0.199001,-3.23841,
0.2,-100.594,
0.201001,326.415,
0.202,44.5753,
0.203001,103.339,
0.204,-199.943,
0.205,248.026,
0.206001,-71.2364,
0.207,466.541,
0.208001,-232.162,
0.209,50.0144,
0.210001,-69.4475,
0.211,272.951,
0.212001,-383.591,
0.213,-66.4081,
0.214,-44.362,
0.215001,-11.2279,
0.216,-10.678,
0.217001,-259.704,
0.218,185.096,
0.219001,-278.454,
0.22,177.173,
0.221,-129.166,
0.222001,85.5609,
0.223,-64.4112,
0.224001,60.0734,
0.225,35.1334,
0.226001,-171.766,
0.227,66.9334,
0.228001,85.0126,
0.229,54.2865,
0.23,-83.8422,
0.231001,222.589,
0.232,-524.102,
0.233001,577.362,
0.234,-456.306,
0.235001,508.024,
0.236,-211.712,
0.237001,195.848,
0.238,-116.157,
0.239,192.631,
0.240001,-117.818,
0.241,-9.36969,
0.242001,97.1445,
0.243,-131.647,
0.244001,-140.821,
0.245,281.329,
0.246,-215.706,
0.247001,480.806,
0.248,-475.75,
0.249001,198.676,
0.25,-91.6215,
0.251001,75.0193,
0.252,-242.773,
0.253001,74.7446,
0.254,-80.3339,
0.255001,164.795,
0.256,-255.262,
0.257001,178.33,
0.258,162.669,
0.259001,-15.4687,
0.26,-39.0318,
0.261,-221.933,
0.262,-9.69729,
0.263,199.458,
0.264001,2.1013,
0.265,221.404,
0.266001,-255.206,
0.267,706.074,
0.268001,-357.506,
0.269,90.1174,
0.270001,-71.8584,
0.271,80.271,
0.272001,27.7666,
0.273,244.27,
0.274001,-89.4294,
0.275,-170.119,
0.276001,237.822,
0.277,13.8497,
0.278001,-200.559,
0.279,-231.219,
0.280001,44.4383,
0.281,12.2639,
0.282001,-229.647,
0.283,281.939,
0.284001,-339.892,
0.285,21.0153,
0.286001,218.891,
0.287,-160.554,
0.288,297.358,
0.289,-16.5702,
0.29,-61.1519,
0.291001,-19.3275,
0.292,107.29,
0.293001,153.782,
0.294,-281.267,
0.295001,386.821,
0.296,-503.432,
0.297001,140.59,
0.298,-25.9308,
0.299001,-238.734,
0.3,230.256,
Time(s),Acceleration(m_s2),6_XY-Field A.1/A/C3/MeshedPart-PART-1-1 at Node 157548
0,-8.80593,
0.00100075,-9.9067,
0.00200062,-9.90669,
0.00300037,-9.90668,
0.00400011,-9.90665,
0.00500074,-106.778,
0.00600049,-67.1527,
0.00700023,-138.721,
0.00800076,-333.621,
0.00900087,-71.5711,
0.0100001,-400.789,
0.0110002,55.056,
0.0120003,12.1121,
0.0130005,-99.0743,
0.0140008,376.471,
0.0150001,191.529,
0.016,260.846,
0.0170001,258.581,
0.0180002,138.671,
0.0190003,342.311,
0.0200005,203.609,
0.0210006,237.758,
0.0220007,450.251,
0.0230008,146.971,
0.0240009,177.813,
0.0250001,-263.704,
0.0260002,-54.506,
0.0270003,-64.4129,
0.0280004,-143.704,
0.0290005,-216.929,
0.0300006,-89.1835,
0.0310007,-2.20224,
0.0320008,122.221,
0.0330001,-37.432,
0.0340002,111.193,
0.0350003,323.659,
0.0360004,82.5617,
0.0370005,291.665,
0.0380006,21.4633,
0.0390007,-42.927,
0.0400008,606.44,
0.041,37.4182,
0.0420001,285.609,
0.0430002,209.129,
0.0440003,-60.5402,
0.0450004,177.756,
0.0460006,211.351,
0.0470007,56.6854,
0.0480008,-59.4458,
0.0490009,-1.10073,
0.0500001,198.124,
0.0510002,70.9947,
0.0520003,239.911,
0.0530004,50.6321,
0.0540005,299.933,
0.0550006,417.732,
0.0560007,118.88,
0.0570008,118.337,
0.0580001,-148.633,
0.0590002,62.2126,
0.0600003,-186.619,
0.0610004,654.651,
0.0620005,124.425,
0.0630006,342.488,
0.0640007,-33.0451,
0.0650008,100.8,
0.066,639.311,
0.0670001,291.008,
0.0680002,-107.433,
0.0690003,721.411,
0.0700004,285.394,
0.0710006,-452.773,
0.0720007,2.48215,
0.0730008,256.23,
0.0740009,-54.5769,
0.0750001,-228.642,
0.0760002,57.9164,
0.0770003,-310.78,
0.0780004,449.708,
0.0790005,234.055,
0.0800006,245.209,
0.0810007,-179.854,
0.0820008,67.8086,
0.0830001,355.379,
0.0840002,47.409,
0.0850003,0.826869,
0.0860004,238.277,
0.0870005,-4.54809,
0.0880006,473.604,
0.0890007,165.131,
0.0900008,77.0549,
0.091,45.8984,
0.0920001,594.481,
0.0930002,375.263,
0.0940003,-81.0693,
0.0950004,85.3882,
0.0960006,-64.8755,
0.0970007,-44.9856,
0.0980008,433.553,
0.0990009,-207.597,
0.1,500.226,
0.101,19.8481,
0.102,-31.2181,
0.103,-38.3152,
0.104001,121.77,
0.105001,72.2255,
0.106001,134.875,
0.107001,554.068,
0.108,-162.516,
0.109,130.804,
0.11,-367.764,
0.111,-111.019,
0.112,-248.636,
0.113001,-285.158,
0.114001,70.4928,
0.115001,-130.101,
0.116,-202.013,
0.117,-83.2236,
0.118,100.104,
0.119,253.94,
0.12,-234.56,
0.121001,338.118,
0.122001,-129.025,
0.123001,216.839,
0.124001,500.806,
0.125,159.106,
0.126001,180.203,
0.127,106.78,
0.128001,-91.4851,
0.129,124.978,
0.130001,-34.444,
0.131,238.618,
0.132,-78.2535,
0.133001,206.939,
0.134,-66.4102,
0.135001,-168.073,
0.136,-101.128,
0.137001,203.877,
0.138,106.637,
0.139001,208.324,
0.14,-112.441,
0.141,-78.2684,
0.142001,123.196,
0.143,-179.685,
0.144001,-37.2075,
0.145,211.374,
0.146001,-54.8447,
0.147,38.3045,
0.148,35.551,
0.149001,-77.7138,
0.15,1.37787,
0.151001,244.017,
0.152,-289.93,
0.153001,104.027,
0.154,0.275572,
0.155001,-91.1995,
0.156,-124.14,
0.157,132.677,
0.158001,-15.1565,
0.159,161.771,
0.160001,-143.316,
0.161,86.8122,
0.162001,109.955,
0.163,272.547,
0.164,-252.152,
0.165,154.045,
0.166,-212.196,
0.167001,-131.987,
0.168,7.4404,
0.169001,-246.904,
0.17,-83.6369,
0.171001,-150.475,
0.172,-204.505,
0.173,-133.667,
0.174001,-271.612,
0.175,-207.253,
0.176001,48.5051,
0.177,37.8965,
0.178001,-215.041,
0.179,-526.752,
0.180001,189.553,
0.181,-12.1952,
0.182,-314.412,
0.183001,266.154,
0.184,-321.124,
0.185001,373.418,
0.186,-138.375,
0.187001,-44.9198,
0.188,102.07,
0.189,-8.02629,
0.190001,82.1322,
0.191,-7.44165,
0.192001,154.891,
0.193,224.884,
0.194001,294.486,
0.195,87.3655,
0.196001,10.6113,
0.197,171.281,
0.198,20.3951,
0.199001,-211.944,
0.2,101.559,
0.201001,-178.571,
0.202,-184.364,
0.203001,233.408,
0.204,-421.52,
0.205,108.167,
0.206001,-117.533,
0.207,-140.541,
0.208001,-186.901,
0.209,-151.697,
0.210001,-140.755,
0.211,-263.444,
0.212001,32.3448,
0.213,-106.053,
0.214,114.659,
0.215001,192.871,
0.216,42.9185,
0.217001,94.3753,
0.218,-173.041,
0.219001,-200.677,
0.22,273.889,
0.221,109.533,
0.222001,260.678,
0.223,44.3645,
0.224001,205.71,
0.225,115.458,
0.226001,-132.562,
0.227,147.853,
0.228001,-315.249,
0.229,119.871,
0.23,16.5342,
0.231001,-432.089,
0.232,377.921,
0.233001,79.7739,
0.234,321.977,
0.235001,-228.283,
0.236,-197.313,
0.237001,-347.608,
0.238,-254.637,
0.239,-14.9503,
0.240001,-308.703,
0.241,117.5,
0.242001,-50.4669,
0.243,-57.9098,
0.244001,82.1143,
0.245,237.311,
0.246,162.865,
0.247001,353.648,
0.248,24.1113,
0.249001,61.1047,
0.25,203.358,
0.251001,35.4086,
0.252,239.053,
0.253001,246.898,
0.254,-109.271,
0.255001,-2.89355,
0.256,-345.31,
0.257001,-124.283,
0.258,210.553,
0.259001,2.2049,
0.26,39.4107,
0.261,105.558,
0.262,177.204,
0.263,-23.9763,
0.264001,146.195,
0.265,-28.1105,
0.266001,10.1972,
0.267,139.864,
0.268001,-92.0464,
0.269,-117.263,
0.270001,16.0527,
0.271,-145.246,
0.272001,116.785,
0.273,-140.154,
0.274001,-142.756,
0.275,-234.439,
0.276001,81.1916,
0.277,14.8144,
0.278001,119.329,
0.279,54.2221,
0.280001,75.4418,
0.281,29.764,
0.282001,-23.013,
0.283,169.563,
0.284001,174.33,
0.285,221.867,
0.286001,-250.279,
0.287,-95.5056,
0.288,-284.162,
0.289,2.06697,
0.29,-157.927,
0.291001,-211.81,
0.292,-21.2236,
0.293001,-66.2882,
0.294,-428.817,
0.295001,-347.37,
0.296,157.107,
0.297001,101.708,
0.298,148.771,
0.299001,-300.304,
0.3,3.94986,
Time(s),Acceleration(m_s2),7_XY-Field A.1/A/C3/MeshedPart-PART-1-1 in Element 134072
0,-8.80593,
0.00100075,-9.57352,
0.00200062,-9.90669,
0.00300037,-9.90668,
0.00400011,-9.90665,
0.00500074,-102.257,
0.00600049,215.398,
0.00700023,-104.785,
0.00800076,429.269,
0.00900087,459.502,
0.0100001,80.5806,
0.0110002,372.522,
0.0120003,163.847,
0.0130005,-218.132,
0.0140008,-13.8337,
0.0150001,-255.3,
0.016,-487.396,
0.0170001,220.6,
0.0180002,-143.21,
0.0190003,-68.0649,
0.0200005,-100.019,
0.0210006,-281.712,
0.0220007,127.978,
0.0230008,-232.65,
0.0240009,-29.2253,
0.0250001,55.1839,
0.0260002,187.568,
0.0270003,-9.64805,
0.0280004,325.949,
0.0290005,76.8197,
0.0300006,66.2221,
0.0310007,182.305,
0.0320008,-234.851,
0.0330001,150.498,
0.0340002,-119.062,
0.0350003,150.956,
0.0360004,50.1359,
0.0370005,-145.094,
0.0380006,84.4426,
0.0390007,-115.431,
0.0400008,56.6628,
0.041,-409.195,
0.0420001,149.683,
0.0430002,8.17291,
0.0440003,313.55,
0.0450004,-75.0555,
0.0460006,19.4851,
0.0470007,-309.875,
0.0480008,154.792,
0.0490009,174.417,
0.0500001,68.4452,
0.0510002,-21.3539,
0.0520003,81.756,
0.0530004,441.641,
0.0540005,526.312,
0.0550006,298.493,
0.0560007,293.632,
0.0570008,222.693,
0.0580001,-389.99,
0.0590002,112.631,
0.0600003,46.8578,
0.0610004,224.331,
0.0620005,-407.17,
0.0630006,206.1,
0.0640007,38.6581,
0.0650008,-150.264,
0.066,579.878,
0.0670001,940.673,
0.0680002,566.5,
0.0690003,288.445,
0.0700004,565.103,
0.0710006,-92.2532,
0.0720007,655.357,
0.0730008,-174.751,
0.0740009,119.799,
0.0750001,-22.9743,
0.0760002,165.275,
0.0770003,594.812,
0.0780004,-1.61846,
0.0790005,59.4294,
0.0800006,-260.578,
0.0810007,241.935,
0.0820008,389.687,
0.0830001,-49.5255,
0.0840002,50.781,
0.0850003,-140.446,
0.0860004,328.9,
0.0870005,142.916,
0.0880006,557.31,
0.0890007,395.669,
0.0900008,277.612,
0.091,140.117,
0.0920001,528.364,
0.0930002,390.499,
0.0940003,109.193,
0.0950004,513.028,
0.0960006,-38.5646,
0.0970007,-52.8748,
0.0980008,298.451,
0.0990009,-77.3682,
0.1,722.199,
0.101,-168.145,
0.102,285.104,
0.103,-43.3144,
0.104001,-123.277,
0.105001,275.319,
0.106001,277.816,
0.107001,33.7588,
0.108,346.424,
0.109,-177.164,
0.11,202.286,
0.111,108.528,
0.112,-335.601,
0.113001,151.236,
0.114001,-420.306,
0.115001,-48.7489,
0.116,-162.963,
0.117,-403.232,
0.118,226.86,
0.119,-230.202,
0.12,350.595,
0.121001,-27.5216,
0.122001,-2.47994,
0.123001,50.8435,
0.124001,-300.482,
0.125,114.081,
0.126001,-256.01,
0.127,290.395,
0.128001,122.039,
0.129,13.039,
0.130001,-278.743,
0.131,-533.19,
0.132,-166.489,
0.133001,-108.998,
0.134,135.07,
0.135001,-23.9853,
0.136,26.5189,
0.137001,-205.041,
0.138,243.051,
0.139001,-0.962383,
0.14,407.211,
0.141,-432.254,
0.142001,-0.77717,
0.143,-96.2623,
0.144001,-122.597,
0.145,-22.3836,
0.146001,-105.187,
0.147,-138.557,
0.148,-208.624,
0.149001,13.9928,
0.15,-394.401,
0.151001,-361.661,
0.152,118.471,
0.153001,341.934,
0.154,69.2002,
0.155001,186.756,
0.156,118.365,
0.157,46.3409,
0.158001,420.086,
0.159,-79.8954,
0.160001,53.5692,
0.161,-569.545,
0.162001,222.848,
0.163,-131.735,
0.164,-524.146,
0.165,155.625,
0.166,19.4629,
0.167001,93.9399,
0.168,78.3291,
0.169001,-70.2172,
0.17,266.493,
0.171001,-193.822,
0.172,7.40775,
0.173,-75.0894,
0.174001,-287.297,
0.175,86.7991,
0.176001,10.2972,
0.177,44.7877,
0.178001,13.6481,
0.179,110.437,
0.180001,409.452,
0.181,-75.7014,
0.182,36.9205,
0.183001,-113.87,
0.184,110.896,
0.185001,81.7809,
0.186,-147.504,
0.187001,72.2426,
0.188,373.426,
0.189,72.455,
0.190001,160.45,
0.191,-6.06623,
0.192001,-50.0141,
0.193,499.367,
0.194001,-325.639,
0.195,-119.373,
0.196001,94.9206,
0.197,-3.15244,
0.198,-76.9099,
0.199001,-448.617,
0.2,156.754,
0.201001,-381.454,
0.202,392.015,
0.203001,-212.028,
0.204,172.071,
0.205,69.9854,
0.206001,69.5143,
0.207,53.5187,
0.208001,-150.741,
0.209,-42.5633,
0.210001,-51.027,
0.211,-231.972,
0.212001,13.6456,
0.213,-167.021,
0.214,-294.694,
0.215001,311.934,
0.216,347.371,
0.217001,640.399,
0.218,75.4694,
0.219001,-137.68,
0.22,254.771,
0.221,110.01,
0.222001,55.3767,
0.223,-297.274,
0.224001,24.0414,
0.225,247.758,
0.226001,-434.785,
0.227,-6.25189,
0.228001,81.1097,
0.229,180.794,
0.23,412.501,
0.231001,-233.49,
0.232,138.427,
0.233001,-132.861,
0.234,220.334,
0.235001,-29.9523,
0.236,-133.974,
0.237001,-363.404,
0.238,-239.915,
0.239,-232.997,
0.240001,-198.007,
0.241,-280.013,
0.242001,-12.9635,
0.243,387.351,
0.244001,-57.7623,
0.245,166.177,
0.246,60.0695,
0.247001,342.228,
0.248,263.815,
0.249001,21.4908,
0.25,-204.357,
0.251001,-193.03,
0.252,-22.673,
0.253001,376.48,
0.254,-67.6289,
0.255001,180.12,
0.256,-255.517,
0.257001,-36.7396,
0.258,-147.804,
0.259001,-232.847,
0.26,-82.8837,
0.261,-118.725,
0.262,302.117,
0.263,-207.991,
0.264001,-116.177,
0.265,275.948,
0.266001,-169.41,
0.267,101.049,
0.268001,-28.2261,
0.269,-366.884,
0.270001,-315.177,
0.271,-60.3145,
0.272001,164.929,
0.273,-414.048,
0.274001,-76.9637,
0.275,37.8559,
0.276001,-119.207,
0.277,159.269,
0.278001,435.944,
0.279,-114.727,
0.280001,369.79,
0.281,178.987,
0.282001,-235.575,
0.283,321.003,
0.284001,42.0533,
0.285,135.439,
0.286001,145.889,
0.287,-510.222,
0.288,-127.005,
0.289,6.40586,
0.29,-204.759,
0.291001,101.413,
0.292,51.2072,
0.293001,87.14,
0.294,229.37,
0.295001,-71.49,
0.296,-194.906,
0.297001,-37.0762,
0.298,28.0158,
0.299001,119.967,
0.3,-506.828,
Time(s),Acceleration(m_s2),8_XY-Field A.1/A/C3/MeshedPart-PART-1-1 in Element 133967
0,-8.80593,
0.00100075,-9.9067,
0.00200062,-9.14207,
0.00300037,-9.90668,
0.00400011,-9.57053,
0.00500074,-30.176,
0.00600049,196.87,
0.00700023,-222.867,
0.00800076,253.177,
0.00900087,344.65,
0.0100001,261.974,
0.0110002,559.325,
0.0120003,565.19,
0.0130005,69.6012,
0.0140008,28.2826,
0.0150001,-316.316,
0.016,-170.42,
0.0170001,-502.114,
0.0180002,-623.589,
0.0190003,-320.716,
0.0200005,-438.58,
0.0210006,-37.7891,
0.0220007,275.802,
0.0230008,257.612,
0.0240009,-43.1115,
0.0250001,305.387,
0.0260002,147.7,
0.0270003,13.0407,
0.0280004,-35.8328,
0.0290005,99.1634,
0.0300006,79.2063,
0.0310007,123.123,
0.0320008,420.059,
0.0330001,102.619,
0.0340002,-10.756,
0.0350003,255.99,
0.0360004,-75.7451,
0.0370005,-190.779,
0.0380006,-219.402,
0.0390007,-283.218,
0.0400008,-0.381012,
0.041,-175.096,
0.0420001,70.3316,
0.0430002,-207.477,
0.0440003,235.064,
0.0450004,-18.026,
0.0460006,79.1282,
0.0470007,177.159,
0.0480008,224.61,
0.0490009,-59.5882,
0.0500001,-235.774,
0.0510002,66.0608,
0.0520003,121.234,
0.0530004,-158.313,
0.0540005,67.2743,
0.0550006,169.636,
0.0560007,-31.7408,
0.0570008,470.814,
0.0580001,42.6315,
0.0590002,321.111,
0.0600003,-193.413,
0.0610004,348.653,
0.0620005,-134.816,
0.0630006,155.127,
0.0640007,573.898,
0.0650008,-363.863,
0.066,396.632,
0.0670001,493.041,
0.0680002,252.1,
0.0690003,254.3,
0.0700004,814.838,
0.0710006,307.398,
0.0720007,349.477,
0.0730008,525.439,
0.0740009,535.461,
0.0750001,-429.638,
0.0760002,622.418,
0.0770003,309.32,
0.0780004,78.6792,
0.0790005,-351.253,
0.0800006,561.36,
0.0810007,213.135,
0.0820008,-178.127,
0.0830001,436.693,
0.0840002,7.70231,
0.0850003,535.357,
0.0860004,-326.593,
0.0870005,588.294,
0.0880006,-667.078,
0.0890007,447.455,
0.0900008,-479.082,
0.091,717.347,
0.0920001,-202.785,
0.0930002,303.707,
0.0940003,490.934,
0.0950004,113.19,
0.0960006,-217.746,
0.0970007,-24.6162,
0.0980008,-250.409,
0.0990009,58.0538,
0.1,343.339,
0.101,-5.99466,
0.102,240.833,
0.103,534.838,
0.104001,292.434,
0.105001,-225.546,
0.106001,600.333,
0.107001,-94.0522,
0.108,278.374,
0.109,-399.73,
0.11,308.701,
0.111,-86.3784,
0.112,-177.513,
0.113001,306.725,
0.114001,64.8145,
0.115001,363.022,
0.116,-174.263,
0.117,175.629,
0.118,-301.942,
0.119,-74.961,
0.12,-40.4964,
0.121001,-301.744,
0.122001,-332.623,
0.123001,-106.409,
0.124001,37.5635,
0.125,-185.714,
0.126001,-116.697,
0.127,-219.461,
0.128001,38.4264,
0.129,-106.95,
0.130001,364.098,
0.131,-652.754,
0.132,521.816,
0.133001,-314.127,
0.134,-1.30984,
0.135001,-197.576,
0.136,-426.266,
0.137001,333.025,
0.138,-592.892,
0.139001,356.869,
0.14,-20.6461,
0.141,247.45,
0.142001,394.806,
0.143,59.9346,
0.144001,44.1704,
0.145,220.624,
0.146001,-380.343,
0.147,230.274,
0.148,47.9028,
0.149001,171.362,
0.15,147.779,
0.151001,-596.347,
0.152,459.723,
0.153001,-469.866,
0.154,-31.8659,
0.155001,-221.542,
0.156,-53.2561,
0.157,-184.243,
0.158001,-212.644,
0.159,192.637,
0.160001,74.9682,
0.161,-530.639,
0.162001,306.994,
0.163,-150.194,
0.164,84.5313,
0.165,-75.0123,
0.166,-33.2329,
0.167001,63.8134,
0.168,35.9523,
0.169001,226.655,
0.17,-429.461,
0.171001,451.012,
0.172,30.5049,
0.173,-53.4107,
0.174001,224.061,
0.175,-59.6582,
0.176001,-220.235,
0.177,300.689,
0.178001,135.109,
0.179,104.493,
0.180001,439.566,
0.181,-160.923,
0.182,16.1807,
0.183001,-242.871,
0.184,404.03,
0.185001,-443.256,
0.186,-441.117,
0.187001,-60.314,
0.188,-73.694,
0.189,-15.1607,
0.190001,-156.544,
0.191,-4.47598,
0.192001,391.294,
0.193,-221.082,
0.194001,560.161,
0.195,-733.119,
0.196001,464.483,
0.197,-122.674,
0.198,87.7485,
0.199001,25.1058,
0.2,-133.887,
0.201001,181.363,
0.202,75.5936,
0.203001,195.604,
0.204,10.8847,
0.205,203.61,
0.206001,77.5009,
0.207,7.67163,
0.208001,-204.742,
0.209,-9.04322,
0.210001,-170.63,
0.211,494.604,
0.212001,-349.163,
0.213,326.632,
0.214,-228.99,
0.215001,2.61678,
0.216,-61.8683,
0.217001,-202.836,
0.218,-340.726,
0.219001,160.632,
0.22,-228.21,
0.221,-125.644,
0.222001,178.594,
0.223,-451.987,
0.224001,-12.9298,
0.225,-187.891,
0.226001,29.4166,
0.227,153.984,
0.228001,-112.207,
0.229,697.448,
0.23,-116.585,
0.231001,259.069,
0.232,-143.299,
0.233001,54.6511,
0.234,112.644,
0.235001,-24.0779,
0.236,-438.401,
0.237001,59.509,
0.238,-290.201,
0.239,404.052,
0.240001,-285.906,
0.241,117.346,
0.242001,59.0118,
0.243,228.443,
0.244001,-32.5732,
0.245,246.035,
0.246,-577.333,
0.247001,390.644,
0.248,-653.987,
0.249001,473.853,
0.25,-623.222,
0.251001,94.2354,
0.252,54.5256,
0.253001,-116.864,
0.254,-157.28,
0.255001,-85.5419,
0.256,-125.062,
0.257001,366.653,
0.258,47.6082,
0.259001,309.497,
0.26,36.1314,
0.261,-99.8256,
0.262,460.661,
0.263,110.328,
0.264001,-87.3503,
0.265,-159.582,
0.266001,487.206,
0.267,53.7905,
0.268001,28.0897,
0.269,363.592,
0.270001,-133.778,
0.271,8.792,
0.272001,-284.92,
0.273,-324.168,
0.274001,97.5584,
0.275,-63.0066,
0.276001,11.7833,
0.277,-214.098,
0.278001,-224.127,
0.279,252.309,
0.280001,-321.263,
0.281,250.83,
0.282001,-98.5928,
0.283,-37.6091,
0.284001,-153.783,
0.285,-170.722,
0.286001,-204.977,
0.287,141.502,
0.288,-301.606,
0.289,344.479,
0.29,-210.59,
0.291001,115.906,
0.292,221.224,
0.293001,-392.192,
0.294,526.578,
0.295001,165.743,
0.296,-28.8718,
0.297001,82.3565,
0.298,100.026,
0.299001,567.606,
0.3,-280.827,
Time(s),Acceleration(m_s2),9_XY-Field A.1/A/C3/MeshedPart-PART-1-1 at Node 157378
0,-8.80593,
0.00100075,-9.9067,
0.00200062,-9.90669,
0.00300037,-8.80594,
0.00400011,-9.90665,
0.00500074,-25.3186,
0.00600049,99.0778,
0.00700023,19.8173,
0.00800076,232.323,
0.00900087,438.235,
0.0100001,499.335,
0.0110002,78.1795,
0.0120003,330.88,
0.0130005,-352.815,
0.0140008,447.472,
0.0150001,-237.76,
0.016,-259.195,
0.0170001,-30.8097,
0.0180002,-33.0169,
0.0190003,-338.458,
0.0200005,-356.59,
0.0210006,-104.57,
0.0220007,39.6309,
0.0230008,-337.978,
0.0240009,57.2525,
0.0250001,249.941,
0.0260002,257.665,
0.0270003,318.211,
0.0280004,67.1719,
0.0290005,365.585,
0.0300006,-77.6226,
0.0310007,-177.831,
0.0320008,193.242,
0.0330001,-95.7818,
0.0340002,52.8441,
0.0350003,142.014,
0.0360004,-205.854,
0.0370005,271.854,
0.0380006,190.418,
0.0390007,-113.922,
0.0400008,-298.267,
0.041,-104.001,
0.0420001,182.702,
0.0430002,-391.292,
0.0440003,-122.181,
0.0450004,138.683,
0.0460006,117.784,
0.0470007,468.342,
0.0480008,119.442,
0.0490009,-123.832,
0.0500001,88.0553,
0.0510002,-215.185,
0.0520003,230.006,
0.0530004,-24.2153,
0.0540005,-219.034,
0.0550006,33.0223,
0.0560007,-110.625,
0.0570008,822.858,
0.0580001,221.848,
0.0590002,556.059,
0.0600003,205.887,
0.0610004,656.303,
0.0620005,-729.481,
0.0630006,807.764,
0.0640007,71.0469,
0.0650008,-226.386,
0.066,303.411,
0.0670001,440.37,
0.0680002,-5.50936,
0.0690003,317.994,
0.0700004,177.027,
0.0710006,1165.57,
0.0720007,500.015,
0.0730008,622.233,
0.0740009,-931.39,
0.0750001,131.283,
0.0760002,449.542,
0.0770003,790.877,
0.0780004,-61.4867,
0.0790005,-346.396,
0.0800006,-120.33,
0.0810007,-50.8553,
0.0820008,-41.4846,
0.0830001,191.951,
0.0840002,-29.2172,
0.0850003,244.753,
0.0860004,-233.178,
0.0870005,299.76,
0.0880006,-97.7257,
0.0890007,129.982,
0.0900008,459.159,
0.091,314.121,
0.0920001,-14.8861,
0.0930002,169.687,
0.0940003,139.84,
0.0950004,85.9095,
0.0960006,-7.10021,
0.0970007,500.227,
0.0980008,501.475,
0.0990009,645.122,
0.1,-24.1222,
0.101,773.663,
0.102,-288.475,
0.103,-93.1694,
0.104001,-165.944,
0.105001,-114.954,
0.106001,-437.222,
0.107001,-752.195,
0.108,245.083,
0.109,46.3809,
0.11,336.405,
0.111,245.33,
0.112,296.599,
0.113001,119.631,
0.114001,-51.8188,
0.115001,202.732,
0.116,-149.098,
0.117,178.986,
0.118,123.184,
0.119,164.93,
0.12,-394.308,
0.121001,-154.316,
0.122001,-180.209,
0.123001,34.5785,
0.124001,-85.0061,
0.125,13.6377,
0.126001,70.5381,
0.127,385.649,
0.128001,22.4579,
0.129,411.725,
0.130001,-96.4432,
0.131,523.526,
0.132,-387.685,
0.133001,98.923,
0.134,-144.669,
0.135001,-136.938,
0.136,26.1775,
0.137001,-368.908,
0.138,52.6295,
0.139001,-541.478,
0.14,-233.012,
0.141,-0.275593,
0.142001,35.6222,
0.143,328.779,
0.144001,316.953,
0.145,36.6528,
0.146001,34.7258,
0.147,192.762,
0.148,-482.97,
0.149001,217.709,
0.15,-377.122,
0.151001,548.246,
0.152,-410.779,
0.153001,383.453,
0.154,208.332,
0.155001,-213.809,
0.156,27.556,
0.157,-316.33,
0.158001,50.43,
0.159,-199.526,
0.160001,100.183,
0.161,478.707,
0.162001,43.8165,
0.163,590.564,
0.164,103.341,
0.165,23.4237,
0.166,-374.237,
0.167001,-284.639,
0.168,87.0803,
0.169001,-385.788,
0.17,-306.99,
0.171001,-289.652,
0.172,-386.961,
0.173,201.052,
0.174001,-289.526,
0.175,181.691,
0.176001,-190.851,
0.177,276.576,
0.178001,54.0187,
0.179,162.883,
0.180001,84.2,
0.181,100.456,
0.182,315.859,
0.183001,-40.5122,
0.184,72.4784,
0.185001,-12.5403,
0.186,-126.49,
0.187001,148.263,
0.188,246.512,
0.189,-263.18,
0.190001,-189.758,
0.191,-142.218,
0.192001,-42.03,
0.193,71.5163,
0.194001,-16.3986,
0.195,370.27,
0.196001,53.0564,
0.197,243.073,
0.198,133.946,
0.199001,-88.0572,
0.2,-147.446,
0.201001,-93.8323,
0.202,-80.332,
0.203001,-461.718,
0.204,-258.989,
0.205,-73.1678,
0.206001,58.6977,
0.207,49.9472,
0.208001,303.257,
0.209,126.758,
0.210001,-298.321,
0.211,261.584,
0.212001,-268.954,
0.213,173.46,
0.214,-191.363,
0.215001,88.1698,
0.216,293.058,
0.217001,-396.101,
0.218,393.821,
0.219001,-510.337,
0.22,186.955,
0.221,-330.872,
0.222001,-138.503,
0.223,68.7168,
0.224001,63.3113,
0.225,324.192,
0.226001,5.71865,
0.227,-29.0056,
0.228001,381.11,
0.229,-363.196,
0.23,-50.2226,
0.231001,-463.71,
0.232,-610.282,
0.233001,189.739,
0.234,-286.698,
0.235001,-152.502,
0.236,152.997,
0.237001,-42.1249,
0.238,222.342,
0.239,406.051,
0.240001,141.588,
0.241,-25.3533,
0.242001,-61.9727,
0.243,336.798,
0.244001,161.972,
0.245,47.6689,
0.246,-57.8018,
0.247001,-406.963,
0.248,-214.212,
0.249001,-33.0496,
0.25,-79.4972,
0.251001,397.313,
0.252,-374.115,
0.253001,35.8051,
0.254,53.8947,
0.255001,25.5597,
0.256,639.017,
0.257001,-350.46,
0.258,3.96165,
0.259001,207.398,
0.26,-215.381,
0.261,50.8496,
0.262,-177.514,
0.263,108.686,
0.264001,-17.7749,
0.265,-312.247,
0.266001,-85.5913,
0.267,-312.91,
0.268001,38.6857,
0.269,150.402,
0.270001,493.148,
0.271,307.579,
0.272001,151.269,
0.273,-3.37638,
0.274001,342.698,
0.275,143.247,
0.276001,-85.9798,
0.277,132.296,
0.278001,-53.1195,
0.279,-207.587,
0.280001,-55.1173,
0.281,-29.9363,
0.282001,-63.9402,
0.283,361.657,
0.284001,-57.3291,
0.285,-21.222,
0.286001,265.163,
0.287,-160.968,
0.288,42.0318,
0.289,-14.331,
0.29,-66.4231,
0.291001,-411.907,
0.292,-295.408,
0.293001,-88.7173,
0.294,-250.172,
0.295001,219.441,
0.296,-257.297,
0.297001,74.0762,
0.298,-11.163,
0.299001,72.7675,
0.3,-148.331,
Time(s),Acceleration(m_s2),10_XY-Field A.1/A/C3/MeshedPart-PART-1-1 at Node 157491
0,-8.80593,
0.00100075,-11.0074,
0.00200062,-9.90669,
0.00300037,-9.90668,
0.00400011,-9.90665,
0.00500074,-304.924,
0.00600049,209.164,
0.00700023,-618.741,
0.00800076,6.60635,
0.00900087,-215.814,
0.0100001,-508.694,
0.0110002,319.325,
0.0120003,-125.525,
0.0130005,-5.50413,
0.0140008,97.9704,
0.0150001,286.192,
0.016,191.507,
0.0170001,503.958,
0.0180002,-70.436,
0.0190003,400.647,
0.0200005,493.063,
0.0210006,89.1594,
0.0220007,288.425,
0.0230008,123.301,
0.0240009,220.752,
0.0250001,-139.284,
0.0260002,-83.1354,
0.0270003,-378.77,
0.0280004,90.2966,
0.0290005,-158.567,
0.0300006,-477.847,
0.0310007,35.2359,
0.0320008,-14.3142,
0.0330001,287.345,
0.0340002,-60.5505,
0.0350003,74.86,
0.0360004,148.611,
0.0370005,265.25,
0.0380006,247.654,
0.0390007,-131.533,
0.0400008,219.573,
0.041,288.891,
0.0420001,368.155,
0.0430002,-52.2823,
0.0440003,41.2774,
0.0450004,200.32,
0.0460006,279.049,
0.0470007,266.366,
0.0480008,-175.585,
0.0490009,152.451,
0.0500001,-28.618,
0.0510002,131.533,
0.0520003,215.7,
0.0530004,521.731,
0.0540005,171.705,
0.0550006,-122.182,
0.0560007,-162.91,
0.0570008,233.923,
0.0580001,209.186,
0.0590002,339.692,
0.0600003,102.393,
0.0610004,715.767,
0.0620005,-42.3925,
0.0630006,1225.96,
0.0640007,-128.325,
0.0650008,405.127,
0.066,-200.438,
0.0670001,292.937,
0.0680002,-629.996,
0.0690003,177.735,
0.0700004,163.515,
0.0710006,-24.2656,
0.0720007,173.475,
0.0730008,-460.607,
0.0740009,355.852,
0.0750001,-154.451,
0.0760002,-218.979,
0.0770003,59.0124,
0.0780004,-319.566,
0.0790005,242.325,
0.0800006,-67.5394,
0.0810007,547.694,
0.0820008,-30.0453,
0.0830001,617.331,
0.0840002,429.989,
0.0850003,449.541,
0.0860004,278.38,
0.0870005,166.488,
0.0880006,84.0799,
0.0890007,396.011,
0.0900008,824.859,
0.091,-137.557,
0.0920001,189.109,
0.0930002,229.473,
0.0940003,-99.8439,
0.0950004,588.691,
0.0960006,-170.75,
0.0970007,685.856,
0.0980008,136.189,
0.0990009,165.692,
0.1,6.20285,
0.101,-209.094,
0.102,145.822,
0.103,486.107,
0.104001,165.806,
0.105001,68.7797,
0.106001,-164.441,
0.107001,14.4719,
0.108,-231.988,
0.109,-158.784,
0.11,-410.84,
0.111,-245.744,
0.112,142.787,
0.113001,7.85597,
0.114001,-87.6509,
0.115001,-227.126,
0.116,635.114,
0.117,-208.334,
0.118,276.819,
0.119,-74.818,
0.12,367.029,
0.121001,-204.607,
0.122001,-30.3103,
0.123001,230.753,
0.124001,29.3457,
0.125,802.833,
0.126001,-17.359,
0.127,171.4,
0.128001,-167.263,
0.129,71.6522,
0.130001,374.751,
0.131,-117.931,
0.132,176.07,
0.133001,-285.471,
0.134,-139.709,
0.135001,-117.376,
0.136,-363.729,
0.137001,-14.8775,
0.138,-128.956,
0.139001,-70.5437,
0.14,-211.654,
0.141,-430.752,
0.142001,150.206,
0.143,-25.7677,
0.144001,-190.034,
0.145,-301.007,
0.146001,-556.164,
0.147,-149.11,
0.148,-181.476,
0.149001,304.215,
0.15,194.365,
0.151001,428.201,
0.152,518.814,
0.153001,131.102,
0.154,284.528,
0.155001,300.738,
0.156,81.7035,
0.157,50.8387,
0.158001,100.722,
0.159,-348.896,
0.160001,272.852,
0.161,-48.0912,
0.162001,194.143,
0.163,-257.528,
0.164,298.586,
0.165,-371.473,
0.166,-12.1255,
0.167001,-419.519,
0.168,73.7151,
0.169001,-167.887,
0.17,-70.8227,
0.171001,220.132,
0.172,-395.161,
0.173,-156.542,
0.174001,-245.016,
0.175,63.1818,
0.176001,-497.401,
0.177,-254.189,
0.178001,-37.8613,
0.179,20.2398,
0.180001,-167.366,
0.181,235.809,
0.182,269.555,
0.183001,84.3315,
0.184,295.667,
0.185001,-280.985,
0.186,373.15,
0.187001,58.4578,
0.188,384.237,
0.189,32.6563,
0.190001,292.286,
0.191,466.895,
0.192001,-153.237,
0.193,-71.7919,
0.194001,112.31,
0.195,119.886,
0.196001,-410.395,
0.197,-341.184,
0.198,90.5379,
0.199001,157.028,
0.2,-5.64982,
0.201001,-247.67,
0.202,245.337,
0.203001,112.915,
0.204,-22.4609,
0.205,-99.0039,
0.206001,28.1087,
0.207,-129.312,
0.208001,14.0537,
0.209,15.2248,
0.210001,49.812,
0.211,112.501,
0.212001,191.175,
0.213,262.808,
0.214,373.633,
0.215001,77.8374,
0.216,-93.5527,
0.217001,-103.744,
0.218,130.608,
0.219001,560.765,
0.22,254.187,
0.221,47.3954,
0.222001,59.5206,
0.223,-29.4845,
0.224001,119.596,
0.225,-412.508,
0.226001,319.969,
0.227,-74.1331,
0.228001,-287.693,
0.229,-320.07,
0.23,-282.046,
0.231001,-81.0166,
0.232,214.656,
0.233001,-206.393,
0.234,-0.826641,
0.235001,-207.756,
0.236,97.6922,
0.237001,-75.57,
0.238,-168.035,
0.239,-15.8459,
0.240001,276.699,
0.241,13.6412,
0.242001,-223.777,
0.243,276.245,
0.244001,192.768,
0.245,-196.324,
0.246,176.092,
0.247001,-429.557,
0.248,-78.5339,
0.249001,-251.514,
0.25,385.706,
0.251001,-64.0661,
0.252,233.266,
0.253001,-28.7956,
0.254,-176.928,
0.255001,34.1026,
0.256,134.624,
0.257001,-106.647,
0.258,104.312,
0.259001,-315.162,
0.26,-218.275,
0.261,-292.42,
0.262,-271.455,
0.263,-7.24285,
0.264001,-168.466,
0.265,-215.031,
0.266001,-538.938,
0.267,-62.0088,
0.268001,1.10235,
0.269,542.496,
0.270001,86.9811,
0.271,-3.13505,
0.272001,285.555,
0.273,-429.213,
0.274001,-54.1193,
0.275,-206.499,
0.276001,249.672,
0.277,135.844,
0.278001,-95.8011,
0.279,26.4565,
0.280001,-217.817,
0.281,164.736,
0.282001,219.708,
0.283,179.244,
0.284001,231.289,
0.285,-123.934,
0.286001,-6.77034,
0.287,-126.79,
0.288,207.161,
0.289,134.857,
0.29,-94.8619,
0.291001,294.805,
0.292,-226.018,
0.293001,-427.049,
0.294,-224.504,
0.295001,-332.486,
0.296,336.264,
0.297001,112.32,
0.298,-253.304,
0.299001,63.2581,
0.3,-110.173,
Time(s),Acceleration(m_s2),11_XY-Field A.1/A/C3/MeshedPart-PART-1-1 at Node 157448
0,-8.80593,
0.00100075,-9.9067,
0.00200062,-9.90669,
0.00300037,-9.90668,
0.00400011,-8.80591,
0.00500074,-115.585,
0.00600049,-6.60518,
0.00700023,-262.029,
0.00800076,-116.712,
0.00900087,-156.355,
0.0100001,-444.832,
0.0110002,-306.111,
0.0120003,-109.009,
0.0130005,-381.986,
0.0140008,234.468,
0.0150001,99.0665,
0.016,480.969,
0.0170001,409.329,
0.0180002,333.471,
0.0190003,900.354,
0.0200005,215.715,
0.0210006,-78.1521,
0.0220007,197.054,
0.0230008,-161.833,
0.0240009,-103.495,
0.0250001,353.441,
0.0260002,-439.351,
0.0270003,268.662,
0.0280004,39.6424,
0.0290005,82.5871,
0.0300006,-340.218,
0.0310007,-33.0337,
0.0320008,50.6503,
0.0330001,176.15,
0.0340002,-179.45,
0.0350003,169.536,
0.0360004,27.5206,
0.0370005,359.903,
0.0380006,398.998,
0.0390007,39.6249,
0.0400008,190.957,
0.041,73.7359,
0.0420001,313.675,
0.0430002,-37.4231,
0.0440003,454.051,
0.0450004,-67.1401,
0.0460006,222.909,
0.0470007,164.002,
0.0480008,190.997,
0.0490009,25.3168,
0.0500001,294.985,
0.0510002,-9.90624,
0.0520003,141.415,
0.0530004,-45.6789,
0.0540005,259.208,
0.0550006,130.438,
0.0560007,-127.686,
0.0570008,-65.4984,
0.0580001,-58.352,
0.0590002,53.9543,
0.0600003,-112.302,
0.0610004,407.437,
0.0620005,-92.4926,
0.0630006,947.623,
0.0640007,-24.2331,
0.0650008,595.434,
0.066,372.793,
0.0670001,122.356,
0.0680002,-206.05,
0.0690003,617.526,
0.0700004,-41.3614,
0.0710006,-79.4146,
0.0720007,-126.038,
0.0730008,-5.24044,
0.0740009,199.288,
0.0750001,374.268,
0.0760002,201.329,
0.0770003,-34.4699,
0.0780004,564.685,
0.0790005,101.451,
0.0800006,308.2,
0.0810007,503.592,
0.0820008,91.2385,
0.0830001,-132.561,
0.0840002,275.634,
0.0850003,152.006,
0.0860004,-493.918,
0.0870005,890.323,
0.0880006,-120.193,
0.0890007,868.798,
0.0900008,-583.218,
0.091,351.888,
0.0920001,-162.231,
0.0930002,-295.096,
0.0940003,582.314,
0.0950004,-665.769,
0.0960006,335.64,
0.0970007,-64.6566,
0.0980008,276.859,
0.0990009,-26.2942,
0.1,283.259,
0.101,131.356,
0.102,290.68,
0.103,-168.766,
0.104001,640.139,
0.105001,-219.227,
0.106001,341.011,
0.107001,-437.672,
0.108,790.456,
0.109,358.78,
0.11,347.501,
0.111,31.1487,
0.112,-92.067,
0.113001,184.96,
0.114001,-195.01,
0.115001,148.156,
0.116,89.8448,
0.117,-1.1023,
0.118,525.942,
0.119,-229.414,
0.12,-118.623,
0.121001,83.3583,
0.122001,81.0112,
0.123001,31.961,
0.124001,-76.4641,
0.125,-12.8112,
0.126001,99.8831,
0.127,-198.543,
0.128001,541.608,
0.129,-274.897,
0.130001,47.8083,
0.131,-482.471,
0.132,-24.6609,
0.133001,22.5952,
0.134,166.577,
0.135001,58.2746,
0.136,-188.891,
0.137001,596.065,
0.138,16.8084,
0.139001,227.338,
0.14,44.6457,
0.141,298.191,
0.142001,-648.779,
0.143,629.172,
0.144001,-292.148,
0.145,120.431,
0.146001,-220.206,
0.147,264.824,
0.148,-290.196,
0.149001,2.61802,
0.15,-67.2399,
0.151001,60.7631,
0.152,18.4651,
0.153001,55.9403,
0.154,-146.88,
0.155001,349.093,
0.156,-41.6095,
0.157,19.8395,
0.158001,-314.154,
0.159,-192.775,
0.160001,-361.873,
0.161,-167.561,
0.162001,-34.4469,
0.163,11.1609,
0.164,-272.682,
0.165,701.609,
0.166,-278.335,
0.167001,14.604,
0.168,-83.0845,
0.169001,185.316,
0.17,-77.8498,
0.171001,-128.29,
0.172,182.732,
0.173,-376.335,
0.174001,26.5962,
0.175,214.556,
0.176001,-279.731,
0.177,163.024,
0.178001,68.7636,
0.179,-283.736,
0.180001,66.5607,
0.181,-502.554,
0.182,124.993,
0.183001,-436.746,
0.184,-9.30094,
0.185001,214.839,
0.186,-322.564,
0.187001,590.916,
0.188,-511.696,
0.189,-42.3016,
0.190001,283.328,
0.191,-292.223,
0.192001,188.928,
0.193,-174.243,
0.194001,336.034,
0.195,-4.68522,
0.196001,-71.0404,
0.197,63.1108,
0.198,-222.279,
0.199001,-126.436,
0.2,97.4249,
0.201001,-178.846,
0.202,-211.164,
0.203001,599.503,
0.204,106.31,
0.205,137.724,
0.206001,22.1839,
0.207,279.153,
0.208001,-338.391,
0.209,360.71,
0.210001,-521.269,
0.211,249.39,
0.212001,-373.119,
0.213,33.824,
0.214,-53.5926,
0.215001,22.7313,
0.216,-112.704,
0.217001,-8.67977,
0.218,221.399,
0.219001,248.417,
0.22,-89.1378,
0.221,-226.23,
0.222001,-53.9406,
0.223,-193.509,
0.224001,-354.998,
0.225,262.743,
0.226001,-279.594,
0.227,403.874,
0.228001,-343.082,
0.229,294.029,
0.23,-210.811,
0.231001,128.621,
0.232,-108.43,
0.233001,230.435,
0.234,-5.99315,
0.235001,33.6157,
0.236,444.782,
0.237001,-369.928,
0.238,108.717,
0.239,25.2156,
0.240001,-211.245,
0.241,-22.3908,
0.242001,-13.5038,
0.243,-0.137778,
0.244001,-284.536,
0.245,250.606,
0.246,-158.662,
0.247001,-207.821,
0.248,-99.7863,
0.249001,177.321,
0.25,-384.19,
0.251001,27.4864,
0.252,107.539,
0.253001,-104.608,
0.254,192.912,
0.255001,2.89355,
0.256,81.6426,
0.257001,-123.388,
0.258,253.821,
0.259001,-209.396,
0.26,48.6777,
0.261,-217.248,
0.262,-91.3233,
0.263,-5.37401,
0.264001,-231.694,
0.265,43.1303,
0.266001,302.506,
0.267,-80.4047,
0.268001,82.5386,
0.269,-198.148,
0.270001,221.363,
0.271,-5.09876,
0.272001,-153.509,
0.273,205.752,
0.274001,19.6359,
0.275,46.0954,
0.276001,-488.114,
0.277,80.8243,
0.278001,-310.863,
0.279,224.76,
0.280001,-366.013,
0.281,156.597,
0.282001,-162.99,
0.283,220.338,
0.284001,-141.286,
0.285,365.081,
0.286001,-226.109,
0.287,-14.0227,
0.288,-242.355,
0.289,192.075,
0.29,-232.722,
0.291001,66.7334,
0.292,-82.6464,
0.293001,268.684,
0.294,-172.082,
0.295001,543.864,
0.296,-216.194,
0.297001,273.083,
0.298,-211.96,
0.299001,-228.673,
0.3,140.89,
Time(s),Acceleration(m_s2),12_XY-Field A.1/A/C3/MeshedPart-PART-1-1 at Node 157365
0,-8.80593,
0.00100075,-8.80595,
0.00200062,-9.90669,
0.00300037,-9.90668,
0.00400011,-8.80591,
0.00500074,-117.787,
0.00600049,7.70605,
0.00700023,-149.731,
0.00800076,-349.035,
0.00900087,-84.7842,
0.0100001,-306.097,
0.0110002,-124.427,
0.0120003,31.9319,
0.0130005,-168.426,
0.0140008,566.907,
0.0150001,-94.6636,
0.016,233.331,
0.0170001,282.789,
0.0180002,161.783,
0.0190003,375.331,
0.0200005,430.33,
0.0210006,235.557,
0.0220007,155.221,
0.0230008,347.336,
0.0240009,384.252,
0.0250001,-271.962,
0.0260002,-111.214,
0.0270003,-237.832,
0.0280004,-361.737,
0.0290005,-61.665,
0.0300006,-285.167,
0.0310007,-20.9213,
0.0320008,123.322,
0.0330001,-25.3216,
0.0340002,208.074,
0.0350003,114.492,
0.0360004,136.502,
0.0370005,178.301,
0.0380006,39.6246,
0.0390007,121.076,
0.0400008,384.115,
0.041,-19.8097,
0.0420001,149.683,
0.0430002,653.253,
0.0440003,-91.3606,
0.0450004,272.413,
0.0460006,-22.0157,
0.0470007,142.539,
0.0480008,-140.358,
0.0490009,244.362,
0.0500001,276.273,
0.0510002,-201.977,
0.0520003,489.176,
0.0530004,-188.77,
0.0540005,332.953,
0.0550006,542.116,
0.0560007,60.5408,
0.0570008,399.595,
0.0580001,-216.893,
0.0590002,-46.7971,
0.0600003,-38.535,
0.0610004,762.567,
0.0620005,-325.376,
0.0630006,51.7586,
0.0640007,137.688,
0.0650008,166.072,
0.066,808.637,
0.0670001,-44.6433,
0.0680002,-378.218,
0.0690003,693.304,
0.0700004,760.222,
0.0710006,-509.301,
0.0720007,-298.409,
0.0730008,476.053,
0.0740009,135.064,
0.0750001,328.208,
0.0760002,62.8807,
0.0770003,-533.042,
0.0780004,270.211,
0.0790005,753.993,
0.0800006,365.953,
0.0810007,93.8549,
0.0820008,-112.877,
0.0830001,77.1664,
0.0840002,316.014,
0.0850003,-468.697,
0.0860004,333.642,
0.0870005,-416.219,
0.0880006,90.4204,
0.0890007,436.122,
0.0900008,-220.688,
0.091,-24.6721,
0.0920001,652.509,
0.0930002,256.219,
0.0940003,-225.398,
0.0950004,722.558,
0.0960006,337.798,
0.0970007,-71.7047,
0.0980008,-199.089,
0.0990009,173.635,
0.1,-300.416,
0.101,252.512,
0.102,-394.051,
0.103,481.111,
0.104001,80.026,
0.105001,155.9,
0.106001,428.883,
0.107001,-234.445,
0.108,208.417,
0.109,-316.603,
0.11,-30.3598,
0.111,-381.382,
0.112,-476.717,
0.113001,249.461,
0.114001,123.586,
0.115001,517.925,
0.116,-184.168,
0.117,399.652,
0.118,-273.167,
0.119,439.814,
0.12,-299.313,
0.121001,140.813,
0.122001,-131.299,
0.123001,362.179,
0.124001,401.747,
0.125,-177.979,
0.126001,172.074,
0.127,331.639,
0.128001,141.774,
0.129,446.173,
0.130001,-301.729,
0.131,350.487,
0.132,69.1607,
0.133001,78.8077,
0.134,219.898,
0.135001,-225.659,
0.136,101.954,
0.137001,-116.265,
0.138,-104.432,
0.139001,65.0324,
0.14,177.756,
0.141,44.9216,
0.142001,-311.711,
0.143,-160.118,
0.144001,-259.901,
0.145,-206.137,
0.146001,339.541,
0.147,108.3,
0.148,-311.967,
0.149001,525.257,
0.15,-431.272,
0.151001,386.349,
0.152,118.783,
0.153001,-232.579,
0.154,-208.332,
0.155001,134.182,
0.156,-25.0759,
0.157,-139.428,
0.158001,163.691,
0.159,-28.1101,
0.160001,237.023,
0.161,58.9772,
0.162001,-327.659,
0.163,-51.2575,
0.164,151.567,
0.165,124.835,
0.166,136.963,
0.167001,45.4651,
0.168,-153.768,
0.169001,229.268,
0.17,27.0063,
0.171001,-432.135,
0.172,-175.015,
0.173,22.3238,
0.174001,-264.721,
0.175,-68.625,
0.176001,-219.789,
0.177,18.1903,
0.178001,32.7971,
0.179,-31.4191,
0.180001,202.989,
0.181,-130.771,
0.182,-94.8129,
0.183001,157.639,
0.184,-532.703,
0.185001,133.74,
0.186,155.633,
0.187001,-29.3495,
0.188,-239.692,
0.189,167.002,
0.190001,274.647,
0.191,407.913,
0.192001,86.6783,
0.193,212.069,
0.194001,-109.829,
0.195,43.1316,
0.196001,-126.233,
0.197,-308.388,
0.198,-228.756,
0.199001,80.7536,
0.2,13.6422,
0.201001,-423.554,
0.202,-252.984,
0.203001,9.09381,
0.204,89.2234,
0.205,-177.821,
0.206001,-232.93,
0.207,-333.303,
0.208001,-279.025,
0.209,235.364,
0.210001,-416.668,
0.211,145.914,
0.212001,-17.1713,
0.213,97.3173,
0.214,108.339,
0.215001,88.6864,
0.216,70.8878,
0.217001,60.1729,
0.218,454.647,
0.219001,220.517,
0.22,-91.411,
0.221,125.377,
0.222001,314.963,
0.223,218.103,
0.224001,-132.41,
0.225,-308.485,
0.226001,-252.103,
0.227,-374.524,
0.228001,173.47,
0.229,-372.565,
0.23,170.716,
0.231001,39.7505,
0.232,57.9351,
0.233001,-81.5651,
0.234,-91.895,
0.235001,-265.378,
0.236,-130.641,
0.237001,2.91482,
0.238,-215.401,
0.239,-366.867,
0.240001,-184.788,
0.241,542.271,
0.242001,126.701,
0.243,-1.68778,
0.244001,338.688,
0.245,-156.353,
0.246,762.739,
0.247001,95.9202,
0.248,134.3,
0.249001,430.557,
0.25,171.394,
0.251001,519.555,
0.252,-146.394,
0.253001,154.449,
0.254,293.639,
0.255001,-479.365,
0.256,404.423,
0.257001,-233.961,
0.258,-132.147,
0.259001,22.049,
0.26,-264.575,
0.261,89.5725,
0.262,-125.806,
0.263,-415.659,
0.264001,14.1235,
0.265,-112.304,
0.266001,-302.851,
0.267,89.7061,
0.268001,4.51275,
0.269,-241.519,
0.270001,54.3933,
0.271,-194.27,
0.272001,260.76,
0.273,-8.26868,
0.274001,59.8033,
0.275,-272.008,
0.276001,46.68,
0.277,498.744,
0.278001,451.205,
0.279,421.237,
0.280001,284.13,
0.281,174.588,
0.282001,147.448,
0.283,216.76,
0.284001,-267.49,
0.285,-289.529,
0.286001,178.751,
0.287,-120.037,
0.288,101.841,
0.289,0.688989,
0.29,-280.851,
0.291001,-29.9043,
0.292,282.798,
0.293001,45.6162,
0.294,-298.236,
0.295001,248.348,
0.296,-429.702,
0.297001,-7.02863,
0.298,-11.0252,
0.299001,-429.3,
0.3,-214.703,
