Time(s),Acceleration(m_s2),1_AT3_Floor/A/MeshedPart-PART-1-1 at Node 27292
0,10.3553,
0.00100038,9.09582,
0.00200076,10.5857,
0.00300121,9.91266,
0.00400014,9.23953,
0.00500043,106.871,
0.00600064,159.799,
0.00700042,441.815,
0.00800017,245.631,
0.00900046,744.086,
0.0100007,390.85,
0.0110007,377.989,
0.0120009,338.819,
0.0130012,179.598,
0.0140004,151.223,
0.0150012,339.187,
0.0160003,424.353,
0.0170002,154.735,
0.0180002,186.631,
0.0190002,379.018,
0.0200014,77.2538,
0.0210003,447.18,
0.0220008,446.051,
0.0230011,380.496,
0.0240004,303.705,
0.0250013,129.693,
0.0260002,404.669,
0.0270005,285.978,
0.0280008,41.473,
0.0290011,122.081,
0.0300014,286.636,
0.0310002,196.65,
0.0320004,296.283,
0.0330007,224.804,
0.034001,177.753,
0.0350013,266.118,
0.0360001,180.913,
0.0370004,173.871,
0.0380007,103.934,
0.039001,199.24,
0.0400013,120.785,
0.0410001,296.816,
0.0420004,368.607,
0.0430007,241.438,
0.0440001,278.78,
0.045001,409.394,
0.0460009,182.569,
0.0470004,444.304,
0.0480003,255.43,
0.049,279.967,
0.0500012,318.497,
0.0510008,325.224,
0.0520002,362.055,
0.053001,632.883,
0.0540003,390.672,
0.0550012,489.435,
0.0560005,327.965,
0.0570013,208.342,
0.0580007,149.069,
0.0590015,317.946,
0.0600008,334.251,
0.0610002,844.775,
0.062001,648.339,
0.0630003,544.734,
0.0640012,693.428,
0.0650005,347.705,
0.0660013,960.593,
0.0670007,431.858,
0.0680015,722.41,
0.0690008,792.824,
0.0700002,1085.76,
0.071001,720.593,
0.0720003,1023.27,
0.0730012,266.876,
0.0740005,354.935,
0.0750013,646.189,
0.0760007,409.972,
0.0770015,716.599,
0.0780008,718.719,
0.0790002,1020.67,
0.080001,354.993,
0.0810003,477.693,
0.0820012,945.778,
0.0830005,170.113,
0.0840013,633.036,
0.0850007,752.502,
0.0860015,258.164,
0.0870012,342.85,
0.0880013,831.511,
0.0890005,204.5,
0.0900002,1740.7,
0.0910015,675.167,
0.0920012,452.233,
0.093001,291.571,
0.0940007,876.11,
0.0950005,577.454,
0.0960002,1265.39,
0.0970015,549.264,
0.0980012,513.429,
0.0990009,276.718,
0.100001,697.329,
0.101,613.396,
0.102,371.364,
0.103001,1198.39,
0.104001,334.527,
0.105001,637.241,
0.106001,320.804,
0.107,586.02,
0.108,712.111,
0.109001,1823,
0.110001,727.748,
0.111001,639.213,
0.112001,1107.62,
0.113,830.089,
0.114,736.443,
0.115001,708.769,
0.116001,788.066,
0.117001,907.875,
0.118,315.968,
0.119001,731.421,
0.120001,401.866,
0.121001,337.422,
0.122001,837.48,
0.123,428.281,
0.124001,873.478,
0.125,954.048,
0.126001,474.595,
0.127,789.844,
0.128001,796.277,
0.129,647.363,
0.130001,395.816,
0.131001,283.221,
0.132001,678.869,
0.133001,1012.41,
0.134,709.628,
0.135001,494.511,
0.136,550.071,
0.137001,1046.19,
0.138,327.275,
0.139001,236.971,
0.140001,872.575,
0.141001,442.579,
0.142001,503.937,
0.143,322.394,
0.144001,265.658,
0.145,378.942,
0.146001,796.036,
0.147,345.098,
0.148001,539.962,
0.149001,613.989,
0.150001,326.812,
0.151001,341.12,
0.152,678.925,
0.153001,379.856,
0.154,357.657,
0.155001,631.746,
0.156,412.404,
0.157001,187.364,
0.158001,421.963,
0.159001,343.261,
0.160001,178.142,
0.161,536.605,
0.162001,446.348,
0.163,514.249,
0.164001,462.142,
0.165,334.836,
0.166001,396.816,
0.167001,282.255,
0.168001,350.24,
0.169001,428.7,
0.17,539.445,
0.171001,267.129,
0.172,391.356,
0.173001,409.258,
0.174,315.426,
0.175001,167.837,
0.176001,489.649,
0.177001,401.939,
0.178001,409.086,
0.179,244.815,
0.180001,135.232,
0.181,625.874,
0.182001,725.975,
0.183,225.622,
0.184001,622.068,
0.185001,200.311,
0.186001,404.268,
0.187001,247.149,
0.188,219.799,
0.189001,227.263,
0.19,379.523,
0.191001,284.589,
0.192,474.329,
0.193001,249.094,
0.194001,570.047,
0.195001,181.737,
0.196001,221.581,
0.197,439.447,
0.198001,186.295,
0.199,466.541,
0.200001,261.414,
0.201,388.121,
0.202001,87.6583,
0.203001,376.998,
0.204001,415.977,
0.205001,339.687,
0.206,524.855,
0.207001,350.459,
0.208,295.298,
0.209001,296.038,
0.21,174.559,
0.211001,258.443,
0.212001,294.5,
0.213001,265.036,
0.214001,371.21,
0.215,478.978,
0.216001,353.959,
0.217,677.458,
0.218001,699.54,
0.219,636.344,
0.220001,379.126,
0.221001,448.035,
0.222001,463.699,
0.223001,143.361,
0.224,288.705,
0.225001,322.096,
0.226,226.565,
0.227001,544.85,
0.228,244.835,
0.229001,479.093,
0.230001,183.673,
0.231001,101.893,
0.232001,503.991,
0.233,467.944,
0.234001,322.863,
0.235,372.986,
0.236001,505.63,
0.237,376.381,
0.238001,410.208,
0.239001,299.531,
0.240001,606.804,
0.241001,368.283,
0.242,443.421,
0.243001,371.954,
0.244,364.802,
0.245001,381.239,
0.246,412.708,
0.247001,662.835,
0.248001,275.556,
0.249001,171.62,
0.250001,256.35,
0.251001,529.702,
0.252001,172.435,
0.253001,161.07,
0.254001,338.308,
0.255001,451.495,
0.256001,336.879,
0.257,245.892,
0.258,74.1892,
0.259,37.8335,
0.26,155.873,
0.261,696.536,
0.262001,326.345,
0.263001,157.659,
0.264001,381.802,
0.265001,628.554,
0.266001,565.318,
0.267001,299.524,
0.268001,576.098,
0.269001,179.941,
0.270001,274.553,
0.271001,401.678,
0.272,153.602,
0.273,237.912,
0.274,420.576,
0.275,597.382,
0.276,572.188,
0.277001,226.335,
0.278001,143.092,
0.279001,686.691,
0.280001,195.368,
0.281001,244.458,
0.282001,270.89,
0.283001,385.838,
0.284001,439.71,
0.285001,396.433,
0.286,181.687,
0.287,140.433,
0.288,473.166,
0.289,338.232,
0.29,199.624,
0.291001,440.579,
0.292001,462.907,
0.293001,381.191,
0.294001,323.371,
0.295001,346.637,
0.296001,137.775,
0.297001,414.701,
0.298001,447.73,
0.299001,423.783,
0.3,525.524,
Time(s),Acceleration(m_s2),2_AT3_Floor/A/MeshedPart-PART-1-1 at Node 27223
0,10.3553,
0.00100038,9.06742,
0.00200076,10.4078,
0.00300121,9.73486,
0.00400014,9.06981,
0.00500043,50.6884,
0.00600064,145.699,
0.00700042,321.116,
0.00800017,212.553,
0.00900046,391.694,
0.0100007,269.165,
0.0110007,505.751,
0.0120009,462.16,
0.0130012,369.841,
0.0140004,298.711,
0.0150012,321.283,
0.0160003,445.194,
0.0170002,189.992,
0.0180002,196.241,
0.0190002,121.147,
0.0200014,224.77,
0.0210003,38.9101,
0.0220008,245.382,
0.0230011,285.146,
0.0240004,338.005,
0.0250013,446.126,
0.0260002,359.614,
0.0270005,332.625,
0.0280008,148.006,
0.0290011,461.037,
0.0300014,450.393,
0.0310002,128.175,
0.0320004,310.88,
0.0330007,242.889,
0.034001,193.03,
0.0350013,327.154,
0.0360001,164.172,
0.0370004,42.2425,
0.0380007,293.66,
0.039001,257.174,
0.0400013,301.784,
0.0410001,216.211,
0.0420004,479.725,
0.0430007,47.2421,
0.0440001,173.427,
0.045001,203.085,
0.0460009,224.772,
0.0470004,325.535,
0.0480003,509.282,
0.049,242.087,
0.0500012,215.788,
0.0510008,233.095,
0.0520002,295.336,
0.053001,684.899,
0.0540003,273.75,
0.0550012,128.126,
0.0560005,259.421,
0.0570013,399.506,
0.0580007,448.858,
0.0590015,365.816,
0.0600008,1111.45,
0.0610002,664.699,
0.062001,654.49,
0.0630003,546.905,
0.0640012,413.637,
0.0650005,272.905,
0.0660013,868.472,
0.0670007,591.209,
0.0680015,397.319,
0.0690008,784.104,
0.0700002,421.992,
0.071001,710.912,
0.0720003,860.522,
0.0730012,276.335,
0.0740005,809.29,
0.0750013,741.339,
0.0760007,675.661,
0.0770015,168.392,
0.0780008,1032.69,
0.0790002,287.401,
0.080001,460.198,
0.0810003,369.918,
0.0820012,449.771,
0.0830005,220.092,
0.0840013,625.877,
0.0850007,413.028,
0.0860015,504.965,
0.0870012,447.794,
0.0880013,666.143,
0.0890005,696.85,
0.0900002,356.566,
0.0910015,367.461,
0.0920012,242.138,
0.093001,423.579,
0.0940007,647.335,
0.0950005,538.984,
0.0960002,361.932,
0.0970015,715.799,
0.0980012,642.231,
0.0990009,740.265,
0.100001,635.014,
0.101,522.441,
0.102,381.828,
0.103001,599.004,
0.104001,462.488,
0.105001,152.448,
0.106001,683.497,
0.107,574.457,
0.108,261.715,
0.109001,445.119,
0.110001,280.252,
0.111001,482.536,
0.112001,482.211,
0.113,510.212,
0.114,504.863,
0.115001,748.182,
0.116001,602.472,
0.117001,538.574,
0.118,808.503,
0.119001,133.031,
0.120001,520.207,
0.121001,477.427,
0.122001,151.532,
0.123,711.981,
0.124001,193.061,
0.125,748.533,
0.126001,1092.23,
0.127,973.682,
0.128001,399.051,
0.129,742.112,
0.130001,865.535,
0.131001,345.455,
0.132001,822.662,
0.133001,703.917,
0.134,385.525,
0.135001,483.187,
0.136,273.622,
0.137001,241.687,
0.138,301.014,
0.139001,468.907,
0.140001,567.066,
0.141001,145.686,
0.142001,537.64,
0.143,262.741,
0.144001,266.717,
0.145,370.385,
0.146001,468.924,
0.147,315.876,
0.148001,493.963,
0.149001,193.525,
0.150001,600.348,
0.151001,267.686,
0.152,347.544,
0.153001,233.299,
0.154,557.01,
0.155001,100.881,
0.156,193.975,
0.157001,233.034,
0.158001,113.876,
0.159001,387.416,
0.160001,234.482,
0.161,541.144,
0.162001,510.229,
0.163,284.838,
0.164001,79.5639,
0.165,505.626,
0.166001,114.997,
0.167001,381.183,
0.168001,288.266,
0.169001,469.212,
0.17,310.617,
0.171001,391.964,
0.172,223.485,
0.173001,301.868,
0.174,345.662,
0.175001,298.084,
0.176001,656.181,
0.177001,322.774,
0.178001,280.434,
0.179,311.995,
0.180001,295.594,
0.181,511.106,
0.182001,582.263,
0.183,335.814,
0.184001,395.248,
0.185001,445.966,
0.186001,558.951,
0.187001,804.825,
0.188,171.096,
0.189001,365.34,
0.19,845.625,
0.191001,404.638,
0.192,186.717,
0.193001,421.684,
0.194001,240.832,
0.195001,394.005,
0.196001,499.777,
0.197,303.503,
0.198001,134.033,
0.199,184.548,
0.200001,265.868,
0.201,225.57,
0.202001,350.743,
0.203001,536.081,
0.204001,280.281,
0.205001,496.923,
0.206,382.611,
0.207001,291.949,
0.208,416.615,
0.209001,412.251,
0.21,203.433,
0.211001,168.908,
0.212001,479.438,
0.213001,347.216,
0.214001,380.299,
0.215,394.67,
0.216001,152.856,
0.217,267.631,
0.218001,112.295,
0.219,277.751,
0.220001,381.921,
0.221001,379.247,
0.222001,555.129,
0.223001,343.721,
0.224,469.476,
0.225001,222.884,
0.226,206.461,
0.227001,798.45,
0.228,557.722,
0.229001,494.301,
0.230001,345.176,
0.231001,505.273,
0.232001,51.5351,
0.233,323.344,
0.234001,260.722,
0.235,234.051,
0.236001,467.86,
0.237,275.553,
0.238001,261.443,
0.239001,238.625,
0.240001,387.663,
0.241001,304.96,
0.242,238.604,
0.243001,76.9959,
0.244,352.079,
0.245001,203.602,
0.246,363.893,
0.247001,215.032,
0.248001,282.28,
0.249001,249.657,
0.250001,566.794,
0.251001,174.115,
0.252001,158.255,
0.253001,308.705,
0.254001,496.237,
0.255001,290.045,
0.256001,151.279,
0.257,276.253,
0.258,554.481,
0.259,543.535,
0.26,375.465,
0.261,149.075,
0.262001,98.0928,
0.263001,326.961,
0.264001,429.15,
0.265001,243.088,
0.266001,314.831,
0.267001,481.739,
0.268001,206.86,
0.269001,129.054,
0.270001,403.404,
0.271001,284.941,
0.272,386.729,
0.273,496.375,
0.274,739.066,
0.275,546.972,
0.276,550.021,
0.277001,246.087,
0.278001,318.643,
0.279001,462.78,
0.280001,600.202,
0.281001,316.43,
0.282001,333.848,
0.283001,263.467,
0.284001,285.069,
0.285001,148.861,
0.286,207.437,
0.287,258.987,
0.288,115.009,
0.289,204.478,
0.29,383.373,
0.291001,157.463,
0.292001,183.29,
0.293001,204.174,
0.294001,324.575,
0.295001,302.085,
0.296001,451.559,
0.297001,240.929,
0.298001,321.037,
0.299001,437.756,
0.3,272.593,
Time(s),Acceleration(m_s2),3_AT3_Floor/A/MeshedPart-PART-1-1 at Node 27166
0,10.3553,
0.00100038,8.47588,
0.00200076,9.90437,
0.00300121,9.79371,
0.00400014,9.75282,
0.00500043,47.5248,
0.00600064,142.416,
0.00700042,351.333,
0.00800017,293.656,
0.00900046,556.526,
0.0100007,416.645,
0.0110007,338.184,
0.0120009,128.032,
0.0130012,286.925,
0.0140004,206.953,
0.0150012,436.535,
0.0160003,101.422,
0.0170002,157.605,
0.0180002,202.802,
0.0190002,355.028,
0.0200014,201.363,
0.0210003,107.412,
0.0220008,103.594,
0.0230011,331.432,
0.0240004,364.243,
0.0250013,226.786,
0.0260002,260.445,
0.0270005,144.603,
0.0280008,260.734,
0.0290011,267.133,
0.0300014,526.931,
0.0310002,429.023,
0.0320004,329.203,
0.0330007,247.929,
0.034001,390.623,
0.0350013,304.472,
0.0360001,223.957,
0.0370004,237.759,
0.0380007,157.695,
0.039001,221.799,
0.0400013,132.648,
0.0410001,377.193,
0.0420004,200.061,
0.0430007,335.735,
0.0440001,280.389,
0.045001,331.865,
0.0460009,383.867,
0.0470004,285.697,
0.0480003,354.936,
0.049,328.669,
0.0500012,415.278,
0.0510008,196.007,
0.0520002,180.392,
0.053001,567.504,
0.0540003,322.49,
0.0550012,341.819,
0.0560005,293.521,
0.0570013,280.727,
0.0580007,594.755,
0.0590015,311.793,
0.0600008,931.658,
0.0610002,502.413,
0.062001,654.103,
0.0630003,822.681,
0.0640012,470.466,
0.0650005,733.079,
0.0660013,553.173,
0.0670007,420.785,
0.0680015,174.14,
0.0690008,1183.51,
0.0700002,459.148,
0.071001,466.75,
0.0720003,1029.31,
0.0730012,573.79,
0.0740005,586.816,
0.0750013,740.305,
0.0760007,945.489,
0.0770015,471.724,
0.0780008,724.052,
0.0790002,554.147,
0.080001,469.589,
0.0810003,468.359,
0.0820012,285.715,
0.0830005,209.985,
0.0840013,250.695,
0.0850007,366.141,
0.0860015,441.191,
0.0870012,334.012,
0.0880013,379.292,
0.0890005,676.726,
0.0900002,565.914,
0.0910015,1007.3,
0.0920012,468.708,
0.093001,464.356,
0.0940007,960.785,
0.0950005,453.048,
0.0960002,411.393,
0.0970015,315.658,
0.0980012,360.545,
0.0990009,661.479,
0.100001,432.761,
0.101,605.829,
0.102,328.611,
0.103001,508.034,
0.104001,512.87,
0.105001,443.642,
0.106001,317.114,
0.107,922.095,
0.108,391.261,
0.109001,439.765,
0.110001,319.408,
0.111001,416.813,
0.112001,472.061,
0.113,582.875,
0.114,453.207,
0.115001,264.057,
0.116001,422.009,
0.117001,588.475,
0.118,375.669,
0.119001,312.414,
0.120001,1153.48,
0.121001,407.822,
0.122001,407.145,
0.123,730.548,
0.124001,406.283,
0.125,686.32,
0.126001,977.888,
0.127,563.776,
0.128001,303.308,
0.129,580.497,
0.130001,475.824,
0.131001,574.787,
0.132001,874.1,
0.133001,910.783,
0.134,310.915,
0.135001,393.133,
0.136,1073.3,
0.137001,196.899,
0.138,576.177,
0.139001,219.271,
0.140001,397.831,
0.141001,429.141,
0.142001,403.721,
0.143,464.997,
0.144001,286.38,
0.145,446.226,
0.146001,998.791,
0.147,403.022,
0.148001,433.039,
0.149001,256.581,
0.150001,285.512,
0.151001,136.361,
0.152,255.468,
0.153001,227.809,
0.154,336.765,
0.155001,407.748,
0.156,405.46,
0.157001,429.769,
0.158001,419.309,
0.159001,519.203,
0.160001,235.337,
0.161,274.851,
0.162001,158.132,
0.163,774.987,
0.164001,283.783,
0.165,263.765,
0.166001,361.692,
0.167001,523.327,
0.168001,444.099,
0.169001,920.221,
0.17,401.871,
0.171001,265.437,
0.172,298.744,
0.173001,436.439,
0.174,294.435,
0.175001,663.987,
0.176001,280.61,
0.177001,438.65,
0.178001,597.049,
0.179,598.494,
0.180001,86.7975,
0.181,196.484,
0.182001,309.572,
0.183,454.984,
0.184001,271.887,
0.185001,388.497,
0.186001,258.96,
0.187001,278.157,
0.188,408.525,
0.189001,232.682,
0.19,262.696,
0.191001,349.286,
0.192,534.907,
0.193001,269.652,
0.194001,64.6742,
0.195001,266.081,
0.196001,177.987,
0.197,110.135,
0.198001,365.869,
0.199,451.351,
0.200001,315.251,
0.201,367.789,
0.202001,300.796,
0.203001,174.302,
0.204001,451.277,
0.205001,344.205,
0.206,226.611,
0.207001,261.999,
0.208,158.605,
0.209001,471.521,
0.21,477.158,
0.211001,446.236,
0.212001,382.747,
0.213001,204.473,
0.214001,469.735,
0.215,318.798,
0.216001,552.569,
0.217,319.305,
0.218001,562.61,
0.219,809.734,
0.220001,391.248,
0.221001,105.239,
0.222001,435.306,
0.223001,137.462,
0.224,486.324,
0.225001,371.06,
0.226,190.647,
0.227001,365.026,
0.228,261.432,
0.229001,395.844,
0.230001,137.053,
0.231001,302.616,
0.232001,259.758,
0.233,306.379,
0.234001,258.928,
0.235,368.456,
0.236001,97.3369,
0.237,351.564,
0.238001,347.993,
0.239001,495.048,
0.240001,592.942,
0.241001,315.209,
0.242,551.8,
0.243001,262.965,
0.244,364.294,
0.245001,125.031,
0.246,429.899,
0.247001,420.34,
0.248001,385.166,
0.249001,192.771,
0.250001,533.329,
0.251001,69.8154,
0.252001,147.432,
0.253001,682.396,
0.254001,262.859,
0.255001,89.106,
0.256001,247.529,
0.257,351.722,
0.258,472.545,
0.259,557.248,
0.26,549.504,
0.261,502.976,
0.262001,267.373,
0.263001,184.909,
0.264001,127.278,
0.265001,411.381,
0.266001,117.809,
0.267001,268.21,
0.268001,208.055,
0.269001,549.721,
0.270001,143.29,
0.271001,240.401,
0.272,232.027,
0.273,392.189,
0.274,351.789,
0.275,203.286,
0.276,317.83,
0.277001,220.372,
0.278001,209.629,
0.279001,262.338,
0.280001,840.061,
0.281001,337.158,
0.282001,199.557,
0.283001,166.841,
0.284001,206.688,
0.285001,372.353,
0.286,117.701,
0.287,513.163,
0.288,215.387,
0.289,351.894,
0.29,262.593,
0.291001,460.938,
0.292001,324.29,
0.293001,452.771,
0.294001,745.864,
0.295001,33.238,
0.296001,232.198,
0.297001,272.527,
0.298001,444.933,
0.299001,175.68,
0.3,382.333,
Time(s),Acceleration(m_s2),4_AT3_Floor/A/MeshedPart-PART-1-1 in Element 24368
0,10.3553,
0.00100038,10.5444,
0.00200076,9.16067,
0.00300121,9.61536,
0.00400014,10.228,
0.00500043,337.071,
0.00600064,159.025,
0.00700042,173.956,
0.00800017,336.207,
0.00900046,262.156,
0.0100007,203.624,
0.0110007,144.121,
0.0120009,120.26,
0.0130012,329.195,
0.0140004,396.772,
0.0150012,133.182,
0.0160003,449.358,
0.0170002,376.459,
0.0180002,228.361,
0.0190002,346.43,
0.0200014,233.428,
0.0210003,194.357,
0.0220008,151.825,
0.0230011,622.696,
0.0240004,489.772,
0.0250013,273.328,
0.0260002,165.333,
0.0270005,89.1111,
0.0280008,288.87,
0.0290011,247.818,
0.0300014,208.019,
0.0310002,322.942,
0.0320004,260.548,
0.0330007,390.55,
0.034001,270.415,
0.0350013,226.177,
0.0360001,592.182,
0.0370004,338.026,
0.0380007,129.958,
0.039001,167.716,
0.0400013,126.854,
0.0410001,412.749,
0.0420004,289.03,
0.0430007,395.193,
0.0440001,309.358,
0.045001,408.942,
0.0460009,205.536,
0.0470004,330.461,
0.0480003,205.849,
0.049,194.746,
0.0500012,508.801,
0.0510008,411.858,
0.0520002,524.357,
0.053001,372.407,
0.0540003,355.16,
0.0550012,230.234,
0.0560005,456.919,
0.0570013,232.287,
0.0580007,182.199,
0.0590015,262.822,
0.0600008,956.527,
0.0610002,1099.24,
0.062001,720.069,
0.0630003,985.206,
0.0640012,426.539,
0.0650005,729.401,
0.0660013,703.642,
0.0670007,376.459,
0.0680015,589.322,
0.0690008,558.336,
0.0700002,787.006,
0.071001,751.35,
0.0720003,402.047,
0.0730012,395.164,
0.0740005,430.127,
0.0750013,513.808,
0.0760007,429.507,
0.0770015,485.039,
0.0780008,728.159,
0.0790002,510.938,
0.080001,316.39,
0.0810003,1145.59,
0.0820012,495.419,
0.0830005,821.056,
0.0840013,300.161,
0.0850007,766.17,
0.0860015,311.654,
0.0870012,338.922,
0.0880013,735.763,
0.0890005,902.887,
0.0900002,752.637,
0.0910015,868.719,
0.0920012,582.411,
0.093001,436.414,
0.0940007,990,
0.0950005,1473.73,
0.0960002,1003.26,
0.0970015,825.668,
0.0980012,826.732,
0.0990009,640.445,
0.100001,1265.93,
0.101,592.049,
0.102,733.479,
0.103001,575.107,
0.104001,743.411,
0.105001,978.314,
0.106001,826.412,
0.107,703.733,
0.108,1104.21,
0.109001,951.96,
0.110001,1181.23,
0.111001,1224.28,
0.112001,1117.98,
0.113,625.41,
0.114,598.698,
0.115001,481.273,
0.116001,516.586,
0.117001,439.183,
0.118,629.667,
0.119001,469.786,
0.120001,655.098,
0.121001,591.988,
0.122001,841.423,
0.123,756.772,
0.124001,212.717,
0.125,716.869,
0.126001,722.04,
0.127,809.327,
0.128001,793.635,
0.129,526.487,
0.130001,454.868,
0.131001,500.006,
0.132001,562.401,
0.133001,391.207,
0.134,838.35,
0.135001,609.82,
0.136,474.92,
0.137001,282.131,
0.138,457.133,
0.139001,496.773,
0.140001,580.319,
0.141001,560.626,
0.142001,154.728,
0.143,606.755,
0.144001,379.617,
0.145,464.195,
0.146001,318.824,
0.147,549.196,
0.148001,649.021,
0.149001,328.626,
0.150001,656.477,
0.151001,725.291,
0.152,511.139,
0.153001,691.179,
0.154,504.769,
0.155001,454.872,
0.156,129.112,
0.157001,283.473,
0.158001,520.19,
0.159001,161.963,
0.160001,156.926,
0.161,349.688,
0.162001,540.924,
0.163,736.326,
0.164001,236.114,
0.165,386.194,
0.166001,216.662,
0.167001,369.265,
0.168001,389.568,
0.169001,200.588,
0.17,648.849,
0.171001,420.642,
0.172,333.057,
0.173001,375.747,
0.174,489.442,
0.175001,599.593,
0.176001,147.613,
0.177001,430.766,
0.178001,420.003,
0.179,427.772,
0.180001,290.54,
0.181,413.317,
0.182001,342.107,
0.183,508.697,
0.184001,169.509,
0.185001,152.092,
0.186001,432.339,
0.187001,265.115,
0.188,269.592,
0.189001,170.669,
0.19,211.624,
0.191001,459.625,
0.192,564.655,
0.193001,222.398,
0.194001,170.998,
0.195001,351.503,
0.196001,387.595,
0.197,167.333,
0.198001,430.656,
0.199,221.451,
0.200001,307.205,
0.201,171.631,
0.202001,252.662,
0.203001,228.994,
0.204001,470.291,
0.205001,217.239,
0.206,238.087,
0.207001,547.955,
0.208,423.347,
0.209001,498.048,
0.21,349.964,
0.211001,298.366,
0.212001,151.462,
0.213001,136.532,
0.214001,266.425,
0.215,447.337,
0.216001,529.678,
0.217,403.008,
0.218001,414.651,
0.219,516.851,
0.220001,452.547,
0.221001,271.109,
0.222001,215.537,
0.223001,293.739,
0.224,237.253,
0.225001,197.548,
0.226,477.517,
0.227001,557.297,
0.228,402.585,
0.229001,252.606,
0.230001,427.401,
0.231001,522.587,
0.232001,311.488,
0.233,456.68,
0.234001,309.721,
0.235,283.806,
0.236001,440.919,
0.237,324.734,
0.238001,412.682,
0.239001,531.009,
0.240001,335.705,
0.241001,309.402,
0.242,353.468,
0.243001,526.436,
0.244,280.723,
0.245001,393.055,
0.246,280.381,
0.247001,464.213,
0.248001,226.853,
0.249001,233.747,
0.250001,478.52,
0.251001,235.494,
0.252001,289.498,
0.253001,393.753,
0.254001,317.199,
0.255001,457.387,
0.256001,159.412,
0.257,149.531,
0.258,295.285,
0.259,285.209,
0.26,159.589,
0.261,241.476,
0.262001,347.651,
0.263001,346.409,
0.264001,209.374,
0.265001,124.897,
0.266001,138.356,
0.267001,274.682,
0.268001,395.06,
0.269001,325.589,
0.270001,203.124,
0.271001,167.451,
0.272,490.339,
0.273,156.834,
0.274,440.645,
0.275,374.901,
0.276,275.076,
0.277001,278.656,
0.278001,410.141,
0.279001,358.333,
0.280001,329.143,
0.281001,271.46,
0.282001,604.87,
0.283001,256.264,
0.284001,175.335,
0.285001,404.777,
0.286,295.34,
0.287,309.049,
0.288,226.771,
0.289,170.169,
0.29,332.525,
0.291001,362.313,
0.292001,471.643,
0.293001,390.115,
0.294001,415.754,
0.295001,215.025,
0.296001,602.236,
0.297001,413.47,
0.298001,505.746,
0.299001,200.516,
0.3,366.852,
Time(s),Acceleration(m_s2),5_AT3_Floor/A/MeshedPart-PART-1-1 in Element 24237
0,10.3553,
0.00100038,9.72745,
0.00200076,9.73746,
0.00300121,10.1745,
0.00400014,9.96266,
0.00500043,153.672,
0.00600064,90.1389,
0.00700042,191.397,
0.00800017,153.439,
0.00900046,296.236,
0.0100007,368.828,
0.0110007,330.224,
0.0120009,284.632,
0.0130012,164.972,
0.0140004,319.419,
0.0150012,358.909,
0.0160003,388.993,
0.0170002,474.354,
0.0180002,209.567,
0.0190002,259.266,
0.0200014,229.386,
0.0210003,148.554,
0.0220008,192.421,
0.0230011,225.134,
0.0240004,370.619,
0.0250013,438.079,
0.0260002,236.795,
0.0270005,121.662,
0.0280008,340.382,
0.0290011,280.804,
0.0300014,413.985,
0.0310002,289.541,
0.0320004,305.974,
0.0330007,539.338,
0.034001,86.4873,
0.0350013,81.0923,
0.0360001,373.259,
0.0370004,256.648,
0.0380007,509.105,
0.039001,394.806,
0.0400013,224.797,
0.0410001,320.9,
0.0420004,346.656,
0.0430007,311.729,
0.0440001,309.448,
0.045001,221.604,
0.0460009,407.861,
0.0470004,285.232,
0.0480003,384.893,
0.049,327.688,
0.0500012,122.752,
0.0510008,497.519,
0.0520002,336.46,
0.053001,127.003,
0.0540003,328.224,
0.0550012,270.48,
0.0560005,142.04,
0.0570013,404.561,
0.0580007,371.944,
0.0590015,1084.44,
0.0600008,610.577,
0.0610002,1139.79,
0.062001,786.77,
0.0630003,484.435,
0.0640012,548.888,
0.0650005,685.66,
0.0660013,270.188,
0.0670007,619.324,
0.0680015,313.992,
0.0690008,309.903,
0.0700002,656.197,
0.071001,414.641,
0.0720003,440.474,
0.0730012,521.279,
0.0740005,383.739,
0.0750013,336.575,
0.0760007,265.629,
0.0770015,422.453,
0.0780008,355.732,
0.0790002,684.084,
0.080001,250.199,
0.0810003,322.225,
0.0820012,138.55,
0.0830005,307.163,
0.0840013,294.377,
0.0850007,470.94,
0.0860015,326.622,
0.0870012,452.39,
0.0880013,383.818,
0.0890005,274.828,
0.0900002,678.824,
0.0910015,547.244,
0.0920012,500.511,
0.093001,240.826,
0.0940007,512.767,
0.0950005,800.059,
0.0960002,725.481,
0.0970015,232.804,
0.0980012,390.278,
0.0990009,663.745,
0.100001,293.41,
0.101,475.131,
0.102,298.098,
0.103001,339.888,
0.104001,482.222,
0.105001,511.732,
0.106001,399.869,
0.107,536.296,
0.108,386.586,
0.109001,949.164,
0.110001,165.334,
0.111001,688.04,
0.112001,455.927,
0.113,570.425,
0.114,451.207,
0.115001,605.641,
0.116001,322.35,
0.117001,397.461,
0.118,263.108,
0.119001,232.63,
0.120001,517.676,
0.121001,473.92,
0.122001,333.584,
0.123,225.725,
0.124001,827.086,
0.125,463.869,
0.126001,337.636,
0.127,300.805,
0.128001,420.028,
0.129,412.672,
0.130001,573.316,
0.131001,531.991,
0.132001,472.114,
0.133001,480.145,
0.134,770.327,
0.135001,503.958,
0.136,330.204,
0.137001,538.713,
0.138,535.787,
0.139001,279.212,
0.140001,479.898,
0.141001,391.379,
0.142001,156.007,
0.143,763.533,
0.144001,436.375,
0.145,355.15,
0.146001,364.961,
0.147,286.417,
0.148001,276.729,
0.149001,431.079,
0.150001,97.9265,
0.151001,305.132,
0.152,505.288,
0.153001,346.629,
0.154,404.351,
0.155001,566.463,
0.156,257.436,
0.157001,390.042,
0.158001,377.032,
0.159001,474.368,
0.160001,264.377,
0.161,156.855,
0.162001,488.366,
0.163,400.758,
0.164001,267.284,
0.165,186.471,
0.166001,344.339,
0.167001,583.064,
0.168001,324.696,
0.169001,212.725,
0.17,383.876,
0.171001,409.558,
0.172,204.215,
0.173001,270.457,
0.174,341.472,
0.175001,209.504,
0.176001,307.759,
0.177001,461.244,
0.178001,225.476,
0.179,255.592,
0.180001,295.188,
0.181,191.779,
0.182001,293.964,
0.183,343.751,
0.184001,367.206,
0.185001,454.064,
0.186001,566.148,
0.187001,455.638,
0.188,202.076,
0.189001,416.54,
0.19,308.573,
0.191001,363.729,
0.192,294.34,
0.193001,219.842,
0.194001,256.842,
0.195001,370.963,
0.196001,426.149,
0.197,199.505,
0.198001,199.876,
0.199,135.884,
0.200001,318.352,
0.201,240.242,
0.202001,251.98,
0.203001,306.41,
0.204001,281.993,
0.205001,193.003,
0.206,604.793,
0.207001,417.718,
0.208,255.998,
0.209001,357.645,
0.21,358.81,
0.211001,361.125,
0.212001,511.059,
0.213001,768.265,
0.214001,362.85,
0.215,154.132,
0.216001,316.06,
0.217,273.11,
0.218001,613.822,
0.219,360.831,
0.220001,463.535,
0.221001,327.613,
0.222001,373.739,
0.223001,293.456,
0.224,391.89,
0.225001,418.024,
0.226,455.176,
0.227001,458.833,
0.228,425.716,
0.229001,481.962,
0.230001,490.611,
0.231001,180.75,
0.232001,303.316,
0.233,479.691,
0.234001,403.965,
0.235,325.866,
0.236001,420.619,
0.237,438.649,
0.238001,356.485,
0.239001,352.012,
0.240001,298.506,
0.241001,375.483,
0.242,346.64,
0.243001,354.564,
0.244,143.811,
0.245001,161.021,
0.246,533.284,
0.247001,328.062,
0.248001,377.341,
0.249001,614.404,
0.250001,225.343,
0.251001,430.271,
0.252001,169.961,
0.253001,227.453,
0.254001,172.854,
0.255001,305.64,
0.256001,415.36,
0.257,125.301,
0.258,396.999,
0.259,395.226,
0.26,328.425,
0.261,222.875,
0.262001,408.58,
0.263001,296.206,
0.264001,363.733,
0.265001,141.49,
0.266001,349.517,
0.267001,73.4243,
0.268001,59.4766,
0.269001,355.062,
0.270001,259.822,
0.271001,185.832,
0.272,359.96,
0.273,237.983,
0.274,431.976,
0.275,119.916,
0.276,138.587,
0.277001,510.171,
0.278001,186.073,
0.279001,388.811,
0.280001,247.466,
0.281001,293.92,
0.282001,445.391,
0.283001,220.475,
0.284001,49.2928,
0.285001,319.377,
0.286,365.477,
0.287,280.054,
0.288,179.82,
0.289,324.513,
0.29,304.054,
0.291001,227.234,
0.292001,311.275,
0.293001,95.8617,
0.294001,298.806,
0.295001,242.945,
0.296001,406.145,
0.297001,328.329,
0.298001,484.074,
0.299001,209.973,
0.3,482.456,
Time(s),Acceleration(m_s2),6_AT3_Floor/A/MeshedPart-PART-1-1 in Element 24099
0,10.3553,
0.00100038,9.74885,
0.00200076,10.192,
0.00300121,9.548,
0.00400014,9.78505,
0.00500043,111.042,
0.00600064,348.487,
0.00700042,68.9535,
0.00800017,411.049,
0.00900046,254.907,
0.0100007,316.012,
0.0110007,151.456,
0.0120009,136.01,
0.0130012,125.074,
0.0140004,365.998,
0.0150012,106.969,
0.0160003,269.604,
0.0170002,446.433,
0.0180002,336.648,
0.0190002,211.892,
0.0200014,303.634,
0.0210003,166.103,
0.0220008,111.218,
0.0230011,275.293,
0.0240004,285.292,
0.0250013,174.356,
0.0260002,273.752,
0.0270005,284.056,
0.0280008,280.141,
0.0290011,405.586,
0.0300014,361.871,
0.0310002,209.558,
0.0320004,351.107,
0.0330007,304.942,
0.034001,309.765,
0.0350013,341.926,
0.0360001,358.31,
0.0370004,115.891,
0.0380007,242.979,
0.039001,247.091,
0.0400013,267.049,
0.0410001,244.664,
0.0420004,381.084,
0.0430007,320.036,
0.0440001,230.959,
0.045001,243.899,
0.0460009,390.63,
0.0470004,245.853,
0.0480003,374.995,
0.049,282.308,
0.0500012,403.151,
0.0510008,380.234,
0.0520002,222.503,
0.053001,294.398,
0.0540003,518.659,
0.0550012,237.092,
0.0560005,176.081,
0.0570013,296.983,
0.0580007,440.936,
0.0590015,321.252,
0.0600008,549.893,
0.0610002,1208.19,
0.062001,513.948,
0.0630003,429.783,
0.0640012,608.02,
0.0650005,583.62,
0.0660013,636.094,
0.0670007,269.688,
0.0680015,429.502,
0.0690008,413.578,
0.0700002,601.84,
0.071001,465.076,
0.0720003,482.904,
0.0730012,324.737,
0.0740005,987.848,
0.0750013,384.354,
0.0760007,194.621,
0.0770015,662.536,
0.0780008,577.852,
0.0790002,783.757,
0.080001,257.811,
0.0810003,289.689,
0.0820012,470.151,
0.0830005,379.721,
0.0840013,621.725,
0.0850007,241.615,
0.0860015,626.398,
0.0870012,907.481,
0.0880013,280.466,
0.0890005,531.013,
0.0900002,804.153,
0.0910015,866.903,
0.0920012,495.946,
0.093001,602.344,
0.0940007,1041.25,
0.0950005,341.182,
0.0960002,207.614,
0.0970015,545.175,
0.0980012,571.872,
0.0990009,385.726,
0.100001,313.835,
0.101,523.143,
0.102,201.559,
0.103001,636.45,
0.104001,256.665,
0.105001,283.64,
0.106001,434.532,
0.107,358.871,
0.108,735.542,
0.109001,447.879,
0.110001,227.967,
0.111001,496.074,
0.112001,611.99,
0.113,458.235,
0.114,254.412,
0.115001,249.616,
0.116001,306.965,
0.117001,304.441,
0.118,283.235,
0.119001,480.021,
0.120001,644.024,
0.121001,676.216,
0.122001,827.955,
0.123,602.362,
0.124001,218.509,
0.125,294.101,
0.126001,124.085,
0.127,503.816,
0.128001,531.116,
0.129,413.549,
0.130001,341.21,
0.131001,449.842,
0.132001,657.585,
0.133001,1076.76,
0.134,498.539,
0.135001,810.832,
0.136,268.423,
0.137001,442.96,
0.138,393.037,
0.139001,264.343,
0.140001,354.398,
0.141001,168.663,
0.142001,297.261,
0.143,516.942,
0.144001,480.131,
0.145,606.675,
0.146001,666.213,
0.147,123.365,
0.148001,128.668,
0.149001,337.3,
0.150001,389.52,
0.151001,249.317,
0.152,311.324,
0.153001,395.076,
0.154,406.785,
0.155001,460.202,
0.156,675.354,
0.157001,562.863,
0.158001,306.645,
0.159001,207.889,
0.160001,403.086,
0.161,607.101,
0.162001,418.676,
0.163,221.82,
0.164001,288.252,
0.165,486.445,
0.166001,364.482,
0.167001,230.577,
0.168001,282.629,
0.169001,217.984,
0.17,433.627,
0.171001,253.702,
0.172,171.162,
0.173001,291.208,
0.174,627.05,
0.175001,262.561,
0.176001,341.175,
0.177001,625.556,
0.178001,316.831,
0.179,191.349,
0.180001,327.288,
0.181,286.547,
0.182001,130.737,
0.183,612.828,
0.184001,460.119,
0.185001,292.988,
0.186001,306.944,
0.187001,257.052,
0.188,381.58,
0.189001,307.703,
0.19,267.369,
0.191001,365.234,
0.192,399.419,
0.193001,243.79,
0.194001,470.125,
0.195001,303.046,
0.196001,188.971,
0.197,111.856,
0.198001,239.508,
0.199,316.536,
0.200001,217.984,
0.201,504.915,
0.202001,293.024,
0.203001,330.978,
0.204001,177.644,
0.205001,140.121,
0.206,426.913,
0.207001,97.383,
0.208,259.783,
0.209001,365.726,
0.21,453.373,
0.211001,425.717,
0.212001,238.606,
0.213001,201.994,
0.214001,310.537,
0.215,481.686,
0.216001,372.136,
0.217,413.632,
0.218001,419.125,
0.219,385.746,
0.220001,433.481,
0.221001,332.704,
0.222001,357.765,
0.223001,419.304,
0.224,200.153,
0.225001,441.211,
0.226,420.893,
0.227001,414.08,
0.228,164.704,
0.229001,301.225,
0.230001,359.456,
0.231001,260.903,
0.232001,182.587,
0.233,115.687,
0.234001,350.955,
0.235,542.754,
0.236001,440.067,
0.237,153.369,
0.238001,426.316,
0.239001,375.734,
0.240001,276.773,
0.241001,510.828,
0.242,420.782,
0.243001,430.759,
0.244,300.644,
0.245001,487.08,
0.246,175.554,
0.247001,409.774,
0.248001,591.457,
0.249001,279.468,
0.250001,438.904,
0.251001,302.485,
0.252001,157.173,
0.253001,281.315,
0.254001,230.298,
0.255001,158.184,
0.256001,220.554,
0.257,216.514,
0.258,98.8365,
0.259,584.711,
0.26,244.846,
0.261,87.0232,
0.262001,341.056,
0.263001,259.073,
0.264001,253.481,
0.265001,165.746,
0.266001,383.901,
0.267001,233.828,
0.268001,276.664,
0.269001,133.818,
0.270001,395.594,
0.271001,174.432,
0.272,466.023,
0.273,322.314,
0.274,285.078,
0.275,290.878,
0.276,265.898,
0.277001,180.439,
0.278001,305.888,
0.279001,328.505,
0.280001,236.837,
0.281001,265.132,
0.282001,154.606,
0.283001,197.934,
0.284001,418.823,
0.285001,313.998,
0.286,452.298,
0.287,115.785,
0.288,240.415,
0.289,524.398,
0.29,214.702,
0.291001,158.906,
0.292001,521.726,
0.293001,416.137,
0.294001,291.245,
0.295001,568.138,
0.296001,148.244,
0.297001,297.893,
0.298001,170.477,
0.299001,188.213,
0.3,160.317,
Time(s),Acceleration(m_s2),7_AT3_Floor/A/MeshedPart-PART-1-1 in Element 23965
0,10.3553,
0.00100038,10.8292,
0.00200076,10.7329,
0.00300121,11.8134,
0.00400014,9.65344,
0.00500043,78.528,
0.00600064,142.222,
0.00700042,433.833,
0.00800017,297.439,
0.00900046,406.221,
0.0100007,461.294,
0.0110007,334.563,
0.0120009,232.814,
0.0130012,164.864,
0.0140004,299.502,
0.0150012,141.539,
0.0160003,395.27,
0.0170002,232.513,
0.0180002,278.662,
0.0190002,200.649,
0.0200014,363.276,
0.0210003,465.462,
0.0220008,451.576,
0.0230011,60.1623,
0.0240004,307.301,
0.0250013,114.965,
0.0260002,457.053,
0.0270005,140.956,
0.0280008,246.038,
0.0290011,274.155,
0.0300014,66.9215,
0.0310002,411.202,
0.0320004,438.18,
0.0330007,416.588,
0.034001,378.791,
0.0350013,223.962,
0.0360001,359.968,
0.0370004,392.647,
0.0380007,326.915,
0.039001,152.708,
0.0400013,210.333,
0.0410001,196.866,
0.0420004,517.546,
0.0430007,507.208,
0.0440001,179.69,
0.045001,274.553,
0.0460009,275.477,
0.0470004,307.677,
0.0480003,238.681,
0.049,358.548,
0.0500012,503.25,
0.0510008,452.759,
0.0520002,440.863,
0.053001,467.653,
0.0540003,523.916,
0.0550012,354.579,
0.0560005,265.119,
0.0570013,207.485,
0.0580007,340.383,
0.0590015,386.185,
0.0600008,597.841,
0.0610002,1043.09,
0.062001,294.427,
0.0630003,783.082,
0.0640012,787.627,
0.0650005,764.707,
0.0660013,846.439,
0.0670007,523.827,
0.0680015,870.312,
0.0690008,478.227,
0.0700002,848.547,
0.071001,929.656,
0.0720003,522.417,
0.0730012,589.052,
0.0740005,494.1,
0.0750013,511.002,
0.0760007,723.113,
0.0770015,686.573,
0.0780008,698.17,
0.0790002,554.642,
0.080001,721.044,
0.0810003,227.803,
0.0820012,966.601,
0.0830005,712.951,
0.0840013,423.452,
0.0850007,374.136,
0.0860015,684.423,
0.0870012,269.136,
0.0880013,279.432,
0.0890005,835.96,
0.0900002,584.084,
0.0910015,880.86,
0.0920012,779.476,
0.093001,888.357,
0.0940007,805.155,
0.0950005,1497.63,
0.0960002,587.135,
0.0970015,369.167,
0.0980012,665.323,
0.0990009,590.899,
0.100001,540.775,
0.101,1313.48,
0.102,874.041,
0.103001,1412.69,
0.104001,942.923,
0.105001,989.434,
0.106001,692.863,
0.107,769.356,
0.108,908.624,
0.109001,877.277,
0.110001,848.614,
0.111001,969.719,
0.112001,1428.35,
0.113,1352.67,
0.114,1205.79,
0.115001,565.621,
0.116001,929.724,
0.117001,1718.17,
0.118,1549.26,
0.119001,1504.51,
0.120001,598.563,
0.121001,819.465,
0.122001,1638.84,
0.123,1304.68,
0.124001,898.15,
0.125,329.422,
0.126001,663.859,
0.127,443.935,
0.128001,423.262,
0.129,351.594,
0.130001,632.795,
0.131001,407.277,
0.132001,569.636,
0.133001,644.871,
0.134,388.413,
0.135001,1059.52,
0.136,538.846,
0.137001,338.175,
0.138,459.014,
0.139001,408.062,
0.140001,565.573,
0.141001,501.844,
0.142001,882.843,
0.143,495.561,
0.144001,265.051,
0.145,287.004,
0.146001,710.353,
0.147,575.621,
0.148001,437.937,
0.149001,744.341,
0.150001,718.264,
0.151001,455.65,
0.152,279.366,
0.153001,232.994,
0.154,711.465,
0.155001,148.601,
0.156,295.898,
0.157001,321.857,
0.158001,545.959,
0.159001,510.627,
0.160001,271.099,
0.161,500.677,
0.162001,295.632,
0.163,587.288,
0.164001,323.4,
0.165,391.904,
0.166001,597.85,
0.167001,478.317,
0.168001,604.671,
0.169001,383.354,
0.17,567.104,
0.171001,313.134,
0.172,407.842,
0.173001,571.841,
0.174,243.702,
0.175001,494.32,
0.176001,273.543,
0.177001,394.263,
0.178001,467.081,
0.179,817.905,
0.180001,622.087,
0.181,364.176,
0.182001,549.813,
0.183,529.69,
0.184001,330.513,
0.185001,534.55,
0.186001,421.043,
0.187001,380.822,
0.188,310.207,
0.189001,291.295,
0.19,572.762,
0.191001,661.597,
0.192,288.482,
0.193001,367.416,
0.194001,298.567,
0.195001,278.041,
0.196001,571.851,
0.197,375.347,
0.198001,188.498,
0.199,669.029,
0.200001,304.794,
0.201,338.753,
0.202001,346.142,
0.203001,423.386,
0.204001,310.218,
0.205001,633.262,
0.206,603.709,
0.207001,269.428,
0.208,158.978,
0.209001,405.594,
0.21,272.744,
0.211001,428.017,
0.212001,862.572,
0.213001,528.869,
0.214001,450.732,
0.215,402.263,
0.216001,275.931,
0.217,371.698,
0.218001,582.768,
0.219,589.499,
0.220001,693.615,
0.221001,338.898,
0.222001,317.299,
0.223001,273.346,
0.224,140.957,
0.225001,310.593,
0.226,323.998,
0.227001,466.224,
0.228,462.72,
0.229001,575.761,
0.230001,252.73,
0.231001,383.329,
0.232001,212.786,
0.233,759.178,
0.234001,115.455,
0.235,286.197,
0.236001,317.414,
0.237,371.629,
0.238001,501.819,
0.239001,703.107,
0.240001,182.218,
0.241001,568.114,
0.242,559.509,
0.243001,356.758,
0.244,273.219,
0.245001,663.941,
0.246,755.511,
0.247001,689.584,
0.248001,184.531,
0.249001,282.974,
0.250001,432.642,
0.251001,379.566,
0.252001,202.969,
0.253001,422.509,
0.254001,288.203,
0.255001,573.03,
0.256001,339.888,
0.257,488.594,
0.258,541.622,
0.259,534.865,
0.26,652.11,
0.261,398.547,
0.262001,449.142,
0.263001,468.942,
0.264001,190.363,
0.265001,249.676,
0.266001,614.596,
0.267001,730.751,
0.268001,236.015,
0.269001,452.073,
0.270001,319.171,
0.271001,411.233,
0.272,602.14,
0.273,513.041,
0.274,412.706,
0.275,338.798,
0.276,591.841,
0.277001,402.148,
0.278001,165.003,
0.279001,292.143,
0.280001,356.56,
0.281001,210.575,
0.282001,535.535,
0.283001,268.35,
0.284001,242.843,
0.285001,793.567,
0.286,236.412,
0.287,279.467,
0.288,247.073,
0.289,242.394,
0.29,422.507,
0.291001,365.962,
0.292001,585.128,
0.293001,258.383,
0.294001,312.125,
0.295001,282.501,
0.296001,385.362,
0.297001,241.165,
0.298001,445.324,
0.299001,348.079,
0.3,266.277,
Time(s),Acceleration(m_s2),8_AT3_Floor/A/MeshedPart-PART-1-1 at Node 27041
0,10.3553,
0.00100038,9.07111,
0.00200076,10.3673,
0.00300121,9.71242,
0.00400014,9.75135,
0.00500043,24.4537,
0.00600064,147.338,
0.00700042,202.259,
0.00800017,333.274,
0.00900046,421.594,
0.0100007,180.275,
0.0110007,479.299,
0.0120009,404.741,
0.0130012,224.953,
0.0140004,408.027,
0.0150012,306.873,
0.0160003,473.802,
0.0170002,306.352,
0.0180002,117.306,
0.0190002,195.351,
0.0200014,566.246,
0.0210003,130.699,
0.0220008,570.047,
0.0230011,363.594,
0.0240004,60.4832,
0.0250013,379.311,
0.0260002,524.657,
0.0270005,278.473,
0.0280008,407.89,
0.0290011,337.212,
0.0300014,386.624,
0.0310002,338.982,
0.0320004,109.295,
0.0330007,82.1542,
0.034001,126.237,
0.0350013,251.658,
0.0360001,178.42,
0.0370004,233.625,
0.0380007,477.893,
0.039001,345.526,
0.0400013,596.922,
0.0410001,410.732,
0.0420004,270.909,
0.0430007,542.787,
0.0440001,164.638,
0.045001,86.1323,
0.0460009,439.846,
0.0470004,174.943,
0.0480003,234.079,
0.049,467.484,
0.0500012,222.19,
0.0510008,183.207,
0.0520002,219.564,
0.053001,359.29,
0.0540003,511.537,
0.0550012,283.827,
0.0560005,150.989,
0.0570013,550.282,
0.0580007,316.878,
0.0590015,485.781,
0.0600008,603.092,
0.0610002,643.273,
0.062001,952.432,
0.0630003,542.574,
0.0640012,393.206,
0.0650005,477.395,
0.0660013,881.679,
0.0670007,228.012,
0.0680015,518.984,
0.0690008,848.323,
0.0700002,402.104,
0.071001,263.066,
0.0720003,385.729,
0.0730012,170.046,
0.0740005,727.283,
0.0750013,491.597,
0.0760007,734.72,
0.0770015,291.4,
0.0780008,107.252,
0.0790002,594.396,
0.080001,649.788,
0.0810003,489.068,
0.0820012,783.4,
0.0830005,642.507,
0.0840013,376.93,
0.0850007,405.065,
0.0860015,330.321,
0.0870012,332.891,
0.0880013,557.269,
0.0890005,627.674,
0.0900002,274.924,
0.0910015,598.248,
0.0920012,720.981,
0.093001,454.401,
0.0940007,431.439,
0.0950005,877.583,
0.0960002,146.728,
0.0970015,689.846,
0.0980012,289.435,
0.0990009,587.666,
0.100001,311.248,
0.101,346.803,
0.102,214.045,
0.103001,258.028,
0.104001,627.418,
0.105001,192.417,
0.106001,618.055,
0.107,461.109,
0.108,516.348,
0.109001,108.212,
0.110001,376.82,
0.111001,693.31,
0.112001,269.215,
0.113,771.465,
0.114,533.792,
0.115001,409.256,
0.116001,911.502,
0.117001,548.064,
0.118,670.554,
0.119001,617.589,
0.120001,465.952,
0.121001,44.5094,
0.122001,426.916,
0.123,563.952,
0.124001,390.578,
0.125,434.206,
0.126001,275.7,
0.127,213.576,
0.128001,445.379,
0.129,167.714,
0.130001,260.219,
0.131001,501.499,
0.132001,311.596,
0.133001,389.265,
0.134,637.395,
0.135001,585.839,
0.136,769.321,
0.137001,375.872,
0.138,507.953,
0.139001,207.119,
0.140001,501.845,
0.141001,317.015,
0.142001,442.647,
0.143,351.992,
0.144001,361.397,
0.145,454.807,
0.146001,599.04,
0.147,559.342,
0.148001,974.055,
0.149001,297.407,
0.150001,331.801,
0.151001,498.539,
0.152,626.259,
0.153001,414.471,
0.154,421.17,
0.155001,388.066,
0.156,453.489,
0.157001,217.668,
0.158001,339.597,
0.159001,346.766,
0.160001,640.992,
0.161,203.029,
0.162001,455.651,
0.163,445.618,
0.164001,468.846,
0.165,285.203,
0.166001,327.91,
0.167001,309.688,
0.168001,730.464,
0.169001,514.155,
0.17,539.823,
0.171001,454.183,
0.172,371.23,
0.173001,333.475,
0.174,280.709,
0.175001,296.245,
0.176001,274.709,
0.177001,224.966,
0.178001,373.829,
0.179,481.426,
0.180001,776.694,
0.181,465.202,
0.182001,207.162,
0.183,377.743,
0.184001,598.89,
0.185001,36.6792,
0.186001,429.407,
0.187001,233.915,
0.188,285.306,
0.189001,531.618,
0.19,231.29,
0.191001,477.546,
0.192,288.391,
0.193001,237.068,
0.194001,388.569,
0.195001,471.418,
0.196001,461.492,
0.197,535.936,
0.198001,916.247,
0.199,543.101,
0.200001,588.031,
0.201,123.754,
0.202001,417.619,
0.203001,455.376,
0.204001,650.965,
0.205001,423.594,
0.206,341.561,
0.207001,420.397,
0.208,602.548,
0.209001,319.986,
0.21,793.756,
0.211001,372.461,
0.212001,430.251,
0.213001,342.846,
0.214001,497.393,
0.215,195.814,
0.216001,330.118,
0.217,225.403,
0.218001,392.395,
0.219,344.681,
0.220001,382.226,
0.221001,576.009,
0.222001,422.855,
0.223001,311.751,
0.224,632.544,
0.225001,501.989,
0.226,581.727,
0.227001,502.986,
0.228,437.719,
0.229001,179.276,
0.230001,174.117,
0.231001,213.305,
0.232001,421.557,
0.233,217.088,
0.234001,461.19,
0.235,306.026,
0.236001,455.535,
0.237,274.621,
0.238001,265.643,
0.239001,133.918,
0.240001,325.944,
0.241001,207.06,
0.242,224.838,
0.243001,434.717,
0.244,420.612,
0.245001,183.514,
0.246,486.31,
0.247001,535.766,
0.248001,155.212,
0.249001,137.763,
0.250001,321.791,
0.251001,243.544,
0.252001,183.464,
0.253001,496.388,
0.254001,501.488,
0.255001,636.837,
0.256001,425.168,
0.257,537.422,
0.258,165.322,
0.259,314.961,
0.26,227.676,
0.261,188.43,
0.262001,386.625,
0.263001,498.381,
0.264001,442.752,
0.265001,293.377,
0.266001,355.628,
0.267001,297.069,
0.268001,468.569,
0.269001,202.3,
0.270001,258.963,
0.271001,271.542,
0.272,694.437,
0.273,596.377,
0.274,498.391,
0.275,327.87,
0.276,278.514,
0.277001,505.796,
0.278001,581.851,
0.279001,423.892,
0.280001,334.12,
0.281001,206.55,
0.282001,200.791,
0.283001,132.954,
0.284001,264.536,
0.285001,261.776,
0.286,289.283,
0.287,379.311,
0.288,346.145,
0.289,199.272,
0.29,426.059,
0.291001,144.303,
0.292001,493.202,
0.293001,396.729,
0.294001,227.638,
0.295001,438.14,
0.296001,278.115,
0.297001,327.976,
0.298001,423.975,
0.299001,251.933,
0.3,284.158,
Time(s),Acceleration(m_s2),9_AT3_Floor/A/MeshedPart-PART-1-1 at Node 26984
0,10.3553,
0.00100038,10.3855,
0.00200076,9.29052,
0.00300121,9.44484,
0.00400014,8.21227,
0.00500043,52.3039,
0.00600064,84.057,
0.00700042,213.352,
0.00800017,334.553,
0.00900046,502.884,
0.0100007,420.312,
0.0110007,373.234,
0.0120009,93.2823,
0.0130012,138.429,
0.0140004,142.749,
0.0150012,52.9848,
0.0160003,285.739,
0.0170002,142.595,
0.0180002,118.304,
0.0190002,124.3,
0.0200014,418.35,
0.0210003,191.572,
0.0220008,256.748,
0.0230011,221.182,
0.0240004,402.241,
0.0250013,435.276,
0.0260002,97.2787,
0.0270005,261.793,
0.0280008,140.154,
0.0290011,138.291,
0.0300014,337.654,
0.0310002,300.757,
0.0320004,211.003,
0.0330007,223.881,
0.034001,190.299,
0.0350013,120.723,
0.0360001,194.836,
0.0370004,136.829,
0.0380007,211.735,
0.039001,175.539,
0.0400013,232.034,
0.0410001,412.436,
0.0420004,281.291,
0.0430007,290.334,
0.0440001,326.909,
0.045001,281.544,
0.0460009,51.5835,
0.0470004,334.404,
0.0480003,300.323,
0.049,311.485,
0.0500012,152.095,
0.0510008,281.758,
0.0520002,223.992,
0.053001,182.342,
0.0540003,303.536,
0.0550012,408.762,
0.0560005,338.762,
0.0570013,171.096,
0.0580007,344.566,
0.0590015,416.422,
0.0600008,1127.59,
0.0610002,865.774,
0.062001,371.036,
0.0630003,323.513,
0.0640012,382.901,
0.0650005,449.92,
0.0660013,986.282,
0.0670007,124.474,
0.0680015,637.655,
0.0690008,204.94,
0.0700002,534.682,
0.071001,545.574,
0.0720003,368.921,
0.0730012,428.97,
0.0740005,579.919,
0.0750013,259.551,
0.0760007,251.343,
0.0770015,202.389,
0.0780008,555.603,
0.0790002,575.589,
0.080001,835.058,
0.0810003,444.19,
0.0820012,415.396,
0.0830005,125.61,
0.0840013,538.911,
0.0850007,873.958,
0.0860015,339.857,
0.0870012,513.229,
0.0880013,218.514,
0.0890005,155.807,
0.0900002,406.386,
0.0910015,325.323,
0.0920012,226.79,
0.093001,641.547,
0.0940007,148.41,
0.0950005,556.536,
0.0960002,132.8,
0.0970015,509.16,
0.0980012,634.127,
0.0990009,240.815,
0.100001,672.93,
0.101,182.856,
0.102,1118.77,
0.103001,417.629,
0.104001,181.436,
0.105001,536.915,
0.106001,465.366,
0.107,300.645,
0.108,424.15,
0.109001,450.173,
0.110001,71.4463,
0.111001,202.717,
0.112001,755.125,
0.113,402.825,
0.114,520.743,
0.115001,399.92,
0.116001,156.151,
0.117001,209.042,
0.118,795.233,
0.119001,643.753,
0.120001,444.115,
0.121001,139.704,
0.122001,528.82,
0.123,322.365,
0.124001,597.966,
0.125,348.474,
0.126001,379.581,
0.127,234.067,
0.128001,628.443,
0.129,808.458,
0.130001,571.245,
0.131001,338.584,
0.132001,425.58,
0.133001,306.602,
0.134,652.119,
0.135001,468.305,
0.136,508.286,
0.137001,507.098,
0.138,273.909,
0.139001,622.768,
0.140001,571.811,
0.141001,400.426,
0.142001,473.194,
0.143,429.249,
0.144001,322.03,
0.145,494.886,
0.146001,1051.34,
0.147,560.542,
0.148001,818.384,
0.149001,222.359,
0.150001,365.847,
0.151001,311.427,
0.152,255.38,
0.153001,612.007,
0.154,502.491,
0.155001,543.841,
0.156,383.624,
0.157001,196.157,
0.158001,264.549,
0.159001,393.585,
0.160001,270.653,
0.161,327.677,
0.162001,286.151,
0.163,395.213,
0.164001,695.426,
0.165,251.163,
0.166001,356.334,
0.167001,436.696,
0.168001,411.771,
0.169001,495.46,
0.17,897.235,
0.171001,447.12,
0.172,635.017,
0.173001,695.432,
0.174,421.9,
0.175001,805.639,
0.176001,74.0626,
0.177001,595.171,
0.178001,337.048,
0.179,514.116,
0.180001,352.493,
0.181,458.484,
0.182001,540.348,
0.183,297.505,
0.184001,397.945,
0.185001,242.782,
0.186001,218.011,
0.187001,294.095,
0.188,150.973,
0.189001,291.183,
0.19,445.585,
0.191001,425.031,
0.192,567.522,
0.193001,283.37,
0.194001,327.279,
0.195001,268.188,
0.196001,338.078,
0.197,327.431,
0.198001,317.814,
0.199,1000.66,
0.200001,940.937,
0.201,533.564,
0.202001,464.386,
0.203001,449.444,
0.204001,382.212,
0.205001,370.195,
0.206,258.272,
0.207001,237.349,
0.208,449.958,
0.209001,333.494,
0.21,554.603,
0.211001,505.055,
0.212001,553.424,
0.213001,580.255,
0.214001,375.891,
0.215,230.741,
0.216001,184.786,
0.217,554.76,
0.218001,412.086,
0.219,278.642,
0.220001,443.43,
0.221001,936.707,
0.222001,464.282,
0.223001,673.591,
0.224,283.326,
0.225001,461.919,
0.226,694.109,
0.227001,621.642,
0.228,113.135,
0.229001,483.283,
0.230001,603.629,
0.231001,493.747,
0.232001,259.26,
0.233,532.853,
0.234001,151.104,
0.235,232.569,
0.236001,422.142,
0.237,312.097,
0.238001,184.588,
0.239001,367.441,
0.240001,274.163,
0.241001,328.35,
0.242,612.544,
0.243001,464.986,
0.244,220.371,
0.245001,446.887,
0.246,544.98,
0.247001,645.699,
0.248001,517.142,
0.249001,361.928,
0.250001,197.921,
0.251001,256.931,
0.252001,356.235,
0.253001,458.107,
0.254001,126.479,
0.255001,200.044,
0.256001,553.869,
0.257,310.923,
0.258,422.335,
0.259,351.191,
0.26,200.304,
0.261,201.845,
0.262001,764.194,
0.263001,449.415,
0.264001,481.442,
0.265001,793.042,
0.266001,603.877,
0.267001,480.918,
0.268001,194.299,
0.269001,60.7245,
0.270001,374.97,
0.271001,533.884,
0.272,354.524,
0.273,354.284,
0.274,291.609,
0.275,223.593,
0.276,404.785,
0.277001,343.594,
0.278001,267.199,
0.279001,142.207,
0.280001,506.879,
0.281001,342.508,
0.282001,386.247,
0.283001,536.837,
0.284001,349.125,
0.285001,293.067,
0.286,284.287,
0.287,409.871,
0.288,658.124,
0.289,338.054,
0.29,250.208,
0.291001,522.4,
0.292001,252.832,
0.293001,590.927,
0.294001,149.074,
0.295001,330.362,
0.296001,318.07,
0.297001,381.216,
0.298001,245.754,
0.299001,469.684,
0.3,312.538,
Time(s),Acceleration(m_s2),10_AT3_Floor/A/MeshedPart-PART-1-1 in Element 23979
0,10.3553,
0.00100038,9.44357,
0.00200076,10.3216,
0.00300121,8.21576,
0.00400014,11.2743,
0.00500043,316.422,
0.00600064,131.4,
0.00700042,224.032,
0.00800017,264.11,
0.00900046,338.665,
0.0100007,268.674,
0.0110007,193.014,
0.0120009,273.559,
0.0130012,418.102,
0.0140004,221.714,
0.0150012,227.545,
0.0160003,252.716,
0.0170002,430.779,
0.0180002,243.833,
0.0190002,384.982,
0.0200014,304.428,
0.0210003,163.624,
0.0220008,198.221,
0.0230011,401.309,
0.0240004,230.932,
0.0250013,224.131,
0.0260002,192.153,
0.0270005,169.929,
0.0280008,437.792,
0.0290011,149.371,
0.0300014,503.825,
0.0310002,251.203,
0.0320004,279.67,
0.0330007,416.516,
0.034001,539.584,
0.0350013,315.144,
0.0360001,392.564,
0.0370004,388.144,
0.0380007,145.33,
0.039001,437.598,
0.0400013,355.803,
0.0410001,349.319,
0.0420004,308.671,
0.0430007,622.743,
0.0440001,500.579,
0.045001,217.925,
0.0460009,478.175,
0.0470004,125.386,
0.0480003,221.404,
0.049,275.192,
0.0500012,328.302,
0.0510008,657.315,
0.0520002,355.124,
0.053001,314.186,
0.0540003,277.581,
0.0550012,320.569,
0.0560005,279.438,
0.0570013,317.758,
0.0580007,419.819,
0.0590015,468.641,
0.0600008,426.536,
0.0610002,704.516,
0.062001,477.424,
0.0630003,964.88,
0.0640012,285.447,
0.0650005,566.141,
0.0660013,521.488,
0.0670007,439.291,
0.0680015,570.225,
0.0690008,591.981,
0.0700002,661.255,
0.071001,729.503,
0.0720003,303.806,
0.0730012,471.423,
0.0740005,484.065,
0.0750013,387.83,
0.0760007,699.819,
0.0770015,497.843,
0.0780008,522.475,
0.0790002,828.197,
0.080001,339.972,
0.0810003,472.827,
0.0820012,614.042,
0.0830005,614.287,
0.0840013,589.66,
0.0850007,562.473,
0.0860015,577.181,
0.0870012,292.223,
0.0880013,383.602,
0.0890005,621.847,
0.0900002,842.861,
0.0910015,516.413,
0.0920012,277.342,
0.093001,346.557,
0.0940007,753.947,
0.0950005,787.311,
0.0960002,783.974,
0.0970015,647.064,
0.0980012,763.084,
0.0990009,688.346,
0.100001,677.083,
0.101,1109.26,
0.102,664.432,
0.103001,742.308,
0.104001,859.976,
0.105001,1328.39,
0.106001,882.153,
0.107,1204.19,
0.108,1215.38,
0.109001,949.817,
0.110001,802.531,
0.111001,971.315,
0.112001,1431.79,
0.113,1289.03,
0.114,1548.39,
0.115001,561.8,
0.116001,1015.85,
0.117001,1106.82,
0.118,1558.62,
0.119001,760.135,
0.120001,604.346,
0.121001,956.828,
0.122001,952.092,
0.123,1588.65,
0.124001,1357.04,
0.125,410.918,
0.126001,186.345,
0.127,752.9,
0.128001,654.19,
0.129,692.666,
0.130001,301.619,
0.131001,328.418,
0.132001,804.225,
0.133001,457.71,
0.134,545.067,
0.135001,407.27,
0.136,342.056,
0.137001,720.61,
0.138,289.808,
0.139001,370.716,
0.140001,277.209,
0.141001,493.038,
0.142001,415.319,
0.143,760.344,
0.144001,199.12,
0.145,525.032,
0.146001,365.924,
0.147,368.96,
0.148001,251.264,
0.149001,363.144,
0.150001,433.588,
0.151001,472.137,
0.152,317.604,
0.153001,556.5,
0.154,420.054,
0.155001,192.901,
0.156,390.433,
0.157001,335.309,
0.158001,191.016,
0.159001,267.919,
0.160001,417.889,
0.161,197.71,
0.162001,888.514,
0.163,435.493,
0.164001,287.516,
0.165,495.057,
0.166001,559.771,
0.167001,361.1,
0.168001,229.085,
0.169001,390.488,
0.17,661.434,
0.171001,162.966,
0.172,303.209,
0.173001,169.004,
0.174,371.52,
0.175001,456.396,
0.176001,302.445,
0.177001,461.457,
0.178001,470.448,
0.179,210.069,
0.180001,261.137,
0.181,230.936,
0.182001,469.618,
0.183,564.959,
0.184001,480.58,
0.185001,307.629,
0.186001,380.889,
0.187001,479.471,
0.188,314.097,
0.189001,280.631,
0.19,561.838,
0.191001,297.311,
0.192,279.316,
0.193001,237.386,
0.194001,732.888,
0.195001,248.756,
0.196001,649.485,
0.197,414.408,
0.198001,479.489,
0.199,206.296,
0.200001,209.005,
0.201,469.19,
0.202001,410.22,
0.203001,96.0868,
0.204001,235.144,
0.205001,361.535,
0.206,281.329,
0.207001,481.703,
0.208,417.404,
0.209001,366.936,
0.21,715.571,
0.211001,245.565,
0.212001,377.464,
0.213001,476.828,
0.214001,542.018,
0.215,403.816,
0.216001,425.855,
0.217,287.07,
0.218001,230.038,
0.219,229.823,
0.220001,458.024,
0.221001,140.77,
0.222001,319.856,
0.223001,472.115,
0.224,246.699,
0.225001,475.751,
0.226,550.483,
0.227001,344.699,
0.228,307.349,
0.229001,159.606,
0.230001,142.597,
0.231001,388.799,
0.232001,217.374,
0.233,273.9,
0.234001,287.394,
0.235,202.628,
0.236001,427.874,
0.237,187.331,
0.238001,423.178,
0.239001,319.539,
0.240001,708.686,
0.241001,241.307,
0.242,318.807,
0.243001,532.382,
0.244,269.781,
0.245001,678.381,
0.246,93.9472,
0.247001,259.713,
0.248001,295.602,
0.249001,372.507,
0.250001,416.594,
0.251001,248.288,
0.252001,416.001,
0.253001,240.45,
0.254001,499.851,
0.255001,617.343,
0.256001,636.763,
0.257,219.093,
0.258,199.08,
0.259,431.409,
0.26,568.768,
0.261,415.84,
0.262001,422.601,
0.263001,218.982,
0.264001,570.789,
0.265001,418.615,
0.266001,293.143,
0.267001,575.211,
0.268001,272.209,
0.269001,403.423,
0.270001,591.536,
0.271001,401.227,
0.272,385.663,
0.273,349.055,
0.274,326.494,
0.275,613.535,
0.276,283.347,
0.277001,205.624,
0.278001,209.687,
0.279001,169.622,
0.280001,728.665,
0.281001,373.668,
0.282001,551.1,
0.283001,105.542,
0.284001,245.721,
0.285001,184.789,
0.286,213.774,
0.287,223.528,
0.288,482.257,
0.289,167.225,
0.29,161.128,
0.291001,522.804,
0.292001,383.712,
0.293001,162.841,
0.294001,384.521,
0.295001,525.055,
0.296001,382.814,
0.297001,217.337,
0.298001,405.554,
0.299001,188.383,
0.3,383.263,
Time(s),Acceleration(m_s2),11_AT3_Floor/A/MeshedPart-PART-1-1 in Element 23846
0,10.3553,
0.00100038,9.71496,
0.00200076,9.71259,
0.00300121,9.73818,
0.00400014,10.5694,
0.00500043,112.454,
0.00600064,111.164,
0.00700042,174.482,
0.00800017,176.632,
0.00900046,327.599,
0.0100007,343.202,
0.0110007,257.168,
0.0120009,230.123,
0.0130012,171.193,
0.0140004,417.289,
0.0150012,407.425,
0.0160003,415.066,
0.0170002,637.521,
0.0180002,252.274,
0.0190002,132.693,
0.0200014,246.109,
0.0210003,300.126,
0.0220008,278.797,
0.0230011,198.885,
0.0240004,328.493,
0.0250013,337.473,
0.0260002,408.113,
0.0270005,170.747,
0.0280008,210.676,
0.0290011,416.463,
0.0300014,270.419,
0.0310002,162.402,
0.0320004,154.328,
0.0330007,159.314,
0.034001,100.502,
0.0350013,401.71,
0.0360001,208.981,
0.0370004,204.379,
0.0380007,459.352,
0.039001,592.779,
0.0400013,372.729,
0.0410001,341.588,
0.0420004,184.593,
0.0430007,349.394,
0.0440001,271.699,
0.045001,163.482,
0.0460009,538.743,
0.0470004,252.11,
0.0480003,452.331,
0.049,410.598,
0.0500012,463.273,
0.0510008,268.905,
0.0520002,327.378,
0.053001,206.525,
0.0540003,324.145,
0.0550012,288.62,
0.0560005,351.332,
0.0570013,222.743,
0.0580007,362.093,
0.0590015,920.001,
0.0600008,415.335,
0.0610002,963.651,
0.062001,654.331,
0.0630003,744.458,
0.0640012,571.966,
0.0650005,705.094,
0.0660013,434.062,
0.0670007,582.263,
0.0680015,579.934,
0.0690008,307.989,
0.0700002,510.151,
0.071001,309.581,
0.0720003,298.742,
0.0730012,639.322,
0.0740005,321.236,
0.0750013,533.498,
0.0760007,703.535,
0.0770015,775.3,
0.0780008,601.409,
0.0790002,349.496,
0.080001,481.404,
0.0810003,330.136,
0.0820012,562.741,
0.0830005,503.913,
0.0840013,235.909,
0.0850007,473.187,
0.0860015,428.07,
0.0870012,377.418,
0.0880013,640.932,
0.0890005,757.874,
0.0900002,655.601,
0.0910015,321.197,
0.0920012,326.303,
0.093001,733.274,
0.0940007,292.212,
0.0950005,516.321,
0.0960002,496.121,
0.0970015,418.935,
0.0980012,422.719,
0.0990009,242.579,
0.100001,464.148,
0.101,340.058,
0.102,263.327,
0.103001,449.1,
0.104001,568.078,
0.105001,516.644,
0.106001,336.547,
0.107,717.155,
0.108,551.878,
0.109001,267.294,
0.110001,661.105,
0.111001,497.246,
0.112001,439.444,
0.113,1041.15,
0.114,1062.59,
0.115001,396.426,
0.116001,877.991,
0.117001,779.069,
0.118,266.762,
0.119001,538.768,
0.120001,722.275,
0.121001,875.129,
0.122001,707.191,
0.123,582.465,
0.124001,748.1,
0.125,394.892,
0.126001,715.326,
0.127,232.7,
0.128001,280.581,
0.129,499.354,
0.130001,148.099,
0.131001,519.458,
0.132001,690.898,
0.133001,439.437,
0.134,385.425,
0.135001,596.552,
0.136,248.4,
0.137001,382.729,
0.138,414.42,
0.139001,393.018,
0.140001,264.101,
0.141001,397.799,
0.142001,186.335,
0.143,336.069,
0.144001,396.696,
0.145,241.527,
0.146001,772.057,
0.147,354.66,
0.148001,637.218,
0.149001,295.082,
0.150001,383.058,
0.151001,232.24,
0.152,441.731,
0.153001,368.151,
0.154,277.947,
0.155001,701.297,
0.156,346.658,
0.157001,153.395,
0.158001,377.483,
0.159001,405.62,
0.160001,420.172,
0.161,730.301,
0.162001,466.598,
0.163,218.914,
0.164001,123.766,
0.165,195.931,
0.166001,415.775,
0.167001,668.334,
0.168001,564.609,
0.169001,445.942,
0.17,533.839,
0.171001,328.518,
0.172,274.741,
0.173001,575.634,
0.174,406.401,
0.175001,375.454,
0.176001,191.127,
0.177001,269.41,
0.178001,423.996,
0.179,470.813,
0.180001,449.356,
0.181,319.678,
0.182001,429.93,
0.183,749.063,
0.184001,267.316,
0.185001,671.947,
0.186001,460.3,
0.187001,490.794,
0.188,623.179,
0.189001,595.881,
0.19,487.493,
0.191001,263.756,
0.192,585.545,
0.193001,634.897,
0.194001,498.315,
0.195001,332.904,
0.196001,529.386,
0.197,370.545,
0.198001,589.131,
0.199,424.366,
0.200001,365.907,
0.201,322.185,
0.202001,631.391,
0.203001,499.61,
0.204001,385.504,
0.205001,291.92,
0.206,275.946,
0.207001,393.428,
0.208,475.43,
0.209001,732.352,
0.21,535.804,
0.211001,306.349,
0.212001,577.299,
0.213001,144.969,
0.214001,388.574,
0.215,589.738,
0.216001,282.584,
0.217,433.563,
0.218001,246.199,
0.219,254.738,
0.220001,452.075,
0.221001,346.942,
0.222001,240.41,
0.223001,250.461,
0.224,393.272,
0.225001,100.726,
0.226,373.361,
0.227001,247.99,
0.228,410.93,
0.229001,233.993,
0.230001,248.63,
0.231001,264.093,
0.232001,393.664,
0.233,315.296,
0.234001,266.039,
0.235,306.272,
0.236001,325.496,
0.237,267.504,
0.238001,321.168,
0.239001,218.55,
0.240001,189.076,
0.241001,309.131,
0.242,413.292,
0.243001,224.288,
0.244,248.996,
0.245001,239.933,
0.246,230.931,
0.247001,422.84,
0.248001,312.288,
0.249001,472.365,
0.250001,260.804,
0.251001,235.186,
0.252001,146.827,
0.253001,254.036,
0.254001,691.56,
0.255001,561.694,
0.256001,413.372,
0.257,366.337,
0.258,476.543,
0.259,450.47,
0.26,549.216,
0.261,462.091,
0.262001,597.888,
0.263001,238.907,
0.264001,303.942,
0.265001,186.76,
0.266001,315.327,
0.267001,305.051,
0.268001,432.141,
0.269001,342.16,
0.270001,435.95,
0.271001,427.261,
0.272,188.817,
0.273,250.093,
0.274,395.264,
0.275,340.59,
0.276,236.963,
0.277001,446.048,
0.278001,361.392,
0.279001,562.787,
0.280001,519.021,
0.281001,508.33,
0.282001,238.87,
0.283001,127.457,
0.284001,312.415,
0.285001,367.267,
0.286,368.356,
0.287,407.345,
0.288,329.169,
0.289,189.912,
0.29,510.154,
0.291001,219.997,
0.292001,166.804,
0.293001,383.083,
0.294001,390.062,
0.295001,276.636,
0.296001,102.768,
0.297001,293.627,
0.298001,160.737,
0.299001,255.569,
0.3,297.341,
Time(s),Acceleration(m_s2),12_AT3_Floor/A/MeshedPart-PART-1-1 at Node 26971
0,10.3553,
0.00100038,9.28869,
0.00200076,10.6951,
0.00300121,10.3792,
0.00400014,9.04388,
0.00500043,118.037,
0.00600064,320.436,
0.00700042,121.968,
0.00800017,388.824,
0.00900046,243.571,
0.0100007,304.22,
0.0110007,96.2608,
0.0120009,119.478,
0.0130012,295.279,
0.0140004,185.103,
0.0150012,176.42,
0.0160003,254.479,
0.0170002,75.1947,
0.0180002,69.5719,
0.0190002,485.522,
0.0200014,357.78,
0.0210003,337.606,
0.0220008,253.563,
0.0230011,260.179,
0.0240004,338.154,
0.0250013,223.836,
0.0260002,272.823,
0.0270005,133.902,
0.0280008,303.131,
0.0290011,110.845,
0.0300014,330.902,
0.0310002,194.576,
0.0320004,200.401,
0.0330007,607.018,
0.034001,597.367,
0.0350013,121.645,
0.0360001,244.723,
0.0370004,391.143,
0.0380007,131.305,
0.039001,235.959,
0.0400013,53.333,
0.0410001,287.299,
0.0420004,409.741,
0.0430007,404.332,
0.0440001,198.684,
0.045001,249.552,
0.0460009,254.067,
0.0470004,233.761,
0.0480003,121.601,
0.049,469.903,
0.0500012,315.368,
0.0510008,323.463,
0.0520002,251.123,
0.053001,486.232,
0.0540003,301.36,
0.0550012,315.812,
0.0560005,419.709,
0.0570013,290.112,
0.0580007,201.58,
0.0590015,81.4813,
0.0600008,571.267,
0.0610002,932.703,
0.062001,581.911,
0.0630003,359.42,
0.0640012,790.383,
0.0650005,696.46,
0.0660013,910.641,
0.0670007,638.191,
0.0680015,371.593,
0.0690008,577.9,
0.0700002,229.848,
0.071001,120.922,
0.0720003,301.711,
0.0730012,832.717,
0.0740005,740.649,
0.0750013,191.516,
0.0760007,1091.33,
0.0770015,840.083,
0.0780008,759.776,
0.0790002,497.909,
0.080001,671.405,
0.0810003,123.007,
0.0820012,489.612,
0.0830005,789.743,
0.0840013,422.363,
0.0850007,326.366,
0.0860015,376.116,
0.0870012,631.408,
0.0880013,457.929,
0.0890005,219.401,
0.0900002,721.589,
0.0910015,337.578,
0.0920012,578.909,
0.093001,392.399,
0.0940007,370.96,
0.0950005,366.095,
0.0960002,788.924,
0.0970015,1185.35,
0.0980012,540.826,
0.0990009,321.452,
0.100001,144.056,
0.101,357.822,
0.102,452.696,
0.103001,541.052,
0.104001,786.952,
0.105001,399.877,
0.106001,941.902,
0.107,283.752,
0.108,314.296,
0.109001,564.696,
0.110001,483.213,
0.111001,165.614,
0.112001,442.254,
0.113,252.132,
0.114,703.756,
0.115001,647.745,
0.116001,397.674,
0.117001,424.369,
0.118,434.946,
0.119001,1198.3,
0.120001,385.758,
0.121001,696.808,
0.122001,330.205,
0.123,529.474,
0.124001,761.689,
0.125,561.084,
0.126001,753.948,
0.127,196.934,
0.128001,559.579,
0.129,465.296,
0.130001,477.151,
0.131001,181.269,
0.132001,298.899,
0.133001,585.415,
0.134,235.743,
0.135001,241.26,
0.136,141.444,
0.137001,550.324,
0.138,432.978,
0.139001,279.337,
0.140001,623.737,
0.141001,556.791,
0.142001,67.8371,
0.143,220.202,
0.144001,670.291,
0.145,118.277,
0.146001,283.933,
0.147,241.727,
0.148001,360.397,
0.149001,463.188,
0.150001,541.666,
0.151001,226.86,
0.152,291.41,
0.153001,530.803,
0.154,260.455,
0.155001,209.544,
0.156,227.758,
0.157001,203.472,
0.158001,286.584,
0.159001,260.576,
0.160001,111.172,
0.161,261.743,
0.162001,365.237,
0.163,634.217,
0.164001,389.304,
0.165,568.445,
0.166001,628.559,
0.167001,673.445,
0.168001,333.653,
0.169001,316.998,
0.17,526.554,
0.171001,441.697,
0.172,441.515,
0.173001,627.837,
0.174,563.941,
0.175001,488.175,
0.176001,200.252,
0.177001,169.202,
0.178001,248.822,
0.179,317.751,
0.180001,481.444,
0.181,229.717,
0.182001,527.145,
0.183,302.316,
0.184001,570.654,
0.185001,208.17,
0.186001,288.491,
0.187001,164.336,
0.188,454.726,
0.189001,269.758,
0.19,693.732,
0.191001,845.702,
0.192,427.705,
0.193001,687.111,
0.194001,515.916,
0.195001,453.186,
0.196001,651.569,
0.197,394.537,
0.198001,332.243,
0.199,732.321,
0.200001,244.237,
0.201,296.771,
0.202001,523.434,
0.203001,217.912,
0.204001,627.38,
0.205001,335.7,
0.206,349.7,
0.207001,354.133,
0.208,316.83,
0.209001,887.877,
0.21,476.221,
0.211001,865.722,
0.212001,278.723,
0.213001,66.6217,
0.214001,220.634,
0.215,208.565,
0.216001,284.577,
0.217,315.825,
0.218001,217.401,
0.219,426.033,
0.220001,563.981,
0.221001,454.746,
0.222001,676.838,
0.223001,440.803,
0.224,373.412,
0.225001,137.379,
0.226,181.333,
0.227001,465.988,
0.228,686.528,
0.229001,323.549,
0.230001,320.995,
0.231001,254.057,
0.232001,190.993,
0.233,267.483,
0.234001,1139.86,
0.235,343.563,
0.236001,469.351,
0.237,416.59,
0.238001,541.583,
0.239001,154.037,
0.240001,318.893,
0.241001,281.586,
0.242,379.551,
0.243001,142.802,
0.244,483.918,
0.245001,233.428,
0.246,397.965,
0.247001,480.303,
0.248001,816.263,
0.249001,373.54,
0.250001,391.636,
0.251001,484.733,
0.252001,475.253,
0.253001,330.144,
0.254001,464.848,
0.255001,501.446,
0.256001,467.172,
0.257,511.588,
0.258,237.972,
0.259,454.953,
0.26,336.282,
0.261,179.446,
0.262001,501.093,
0.263001,257.28,
0.264001,529.806,
0.265001,268.125,
0.266001,496.262,
0.267001,510.659,
0.268001,383.841,
0.269001,534.294,
0.270001,409.619,
0.271001,430.431,
0.272,414.901,
0.273,435.678,
0.274,295.15,
0.275,377.538,
0.276,357.602,
0.277001,168.291,
0.278001,433.592,
0.279001,812.191,
0.280001,404.902,
0.281001,301.458,
0.282001,404.766,
0.283001,111.243,
0.284001,528.275,
0.285001,484.097,
0.286,402.994,
0.287,174.337,
0.288,139.597,
0.289,681.696,
0.29,910.655,
0.291001,204.445,
0.292001,253.47,
0.293001,121.539,
0.294001,364.384,
0.295001,250.451,
0.296001,287.577,
0.297001,260.95,
0.298001,407.647,
0.299001,268.478,
0.3,418.506,
