Time(s),Acceleration(m_s2),1_AT3_Floor/AT/C3/MeshedPart-PART-1-1 at Node 161210
0,-9.31477,
0.00100059,-9.31477,
0.0020004,-10.4791,
0.00300008,-10.4791,
0.00400059,-10.4791,
0.00500027,-61.7131,
0.00600079,190.983,
0.00700047,-172.381,
0.00800003,351.742,
0.00900083,634.772,
0.0100008,111.244,
0.0110008,283.635,
0.0120007,124.048,
0.0130007,-9.89818,
0.0140004,-20.3765,
0.0150006,-114.091,
0.0160004,-216.52,
0.0170004,6.4016,
0.0180004,-146.085,
0.0190003,-454.538,
0.0200003,-28.5162,
0.0210002,-201.381,
0.0220002,-79.1706,
0.0230002,-238.69,
0.0240001,-107.129,
0.0250001,218.94,
0.026,-146.748,
0.027,313.302,
0.0280008,-47.7496,
0.0290008,529.96,
0.0300007,204.404,
0.0310007,18.6359,
0.0320006,-55.9016,
0.0330006,176.424,
0.0340006,-221.842,
0.0350005,227.649,
0.0360005,10.4792,
0.0370005,-78.5878,
0.0380004,228.193,
0.0390004,-8.73137,
0.0400003,-250.299,
0.0410003,60.5384,
0.0420003,-65.776,
0.0430002,184.509,
0.0440002,-162.398,
0.0450001,324.799,
0.0460001,-41.909,
0.0470001,38.4187,
0.048,55.8788,
0.0490008,-229.923,
0.0500008,147.83,
0.0510007,-368.984,
0.0520007,-214.737,
0.0530007,311.31,
0.0540006,-140.798,
0.0550006,212.342,
0.0560006,558.459,
0.0570005,136.124,
0.0580005,211.205,
0.0590004,-227.583,
0.0600004,130.972,
0.0610004,112.943,
0.0620003,-727.225,
0.0630008,135.708,
0.0640005,658.839,
0.0650005,775.46,
0.0660002,456.787,
0.0670007,1001.04,
0.0680004,-44.8656,
0.0690001,597.3,
0.0700006,152.68,
0.0710003,897.116,
0.072,438.53,
0.0730005,169.572,
0.0740002,104.308,
0.0750008,-189.088,
0.0760004,918.018,
0.0770001,246.915,
0.0780007,140.437,
0.0790003,328.326,
0.08,330.706,
0.0810006,-91.3288,
0.0820002,467.97,
0.0830008,-961.813,
0.0840007,306.122,
0.0850001,-27.2357,
0.0860002,451.184,
0.0870008,-359.116,
0.0880004,-259.366,
0.0890002,-260.834,
0.0900004,-159.459,
0.0910005,93.3452,
0.0920007,760.579,
0.0930001,419.212,
0.0940001,462.102,
0.0950003,523.594,
0.0960008,786.089,
0.0970005,180.891,
0.0980002,470.708,
0.0990005,329.857,
0.1,54.0262,
0.101001,-452.014,
0.102001,-335.252,
0.103,-99.4501,
0.104001,-245.723,
0.105001,-229.421,
0.106,515.221,
0.107,95.9531,
0.108,311.308,
0.109001,-330.703,
0.11,358.511,
0.111,468.482,
0.112,-11.9409,
0.113001,161.345,
0.114001,412.669,
0.115,-679.404,
0.116,-530.848,
0.117001,-615.999,
0.118001,-388.865,
0.119,-122.946,
0.12,-133.205,
0.121,-73.8728,
0.122001,-376.107,
0.123,-492.757,
0.124,488.892,
0.125,317.712,
0.126,-61.4286,
0.127001,-118.926,
0.128,73.6574,
0.129,395.516,
0.130001,-76.8612,
0.131,459.727,
0.132001,-428,
0.133,46.4434,
0.134,-1.45588,
0.135001,-599.119,
0.136,-588.567,
0.137,108.488,
0.138001,-85.0297,
0.139,545.495,
0.140001,-192.915,
0.141,-171.51,
0.142,199.006,
0.143001,-180.672,
0.144,-83.5671,
0.145,-132.635,
0.146001,-602.588,
0.147,200.261,
0.148001,-257.996,
0.149,-376.371,
0.15,54.2895,
0.151001,12.3708,
0.152,168.226,
0.153,164.432,
0.154001,-422.31,
0.155,53.0267,
0.156001,-103.791,
0.157,712.7,
0.158,211.089,
0.159001,-80.7264,
0.16,325.456,
0.161,-51.3942,
0.162001,-272.523,
0.163,178.997,
0.164001,-228.643,
0.165001,316.799,
0.166,-115.309,
0.167001,93.0339,
0.168,-260.963,
0.169,281.227,
0.170001,167.709,
0.171,341.87,
0.172,69.6024,
0.173001,-343.912,
0.174,216.215,
0.175001,236.734,
0.176,-24.7506,
0.177,-343.748,
0.178001,458.924,
0.179,-657.244,
0.18,659.669,
0.181001,-557.593,
0.182,-69.0101,
0.183001,-94.9289,
0.184,174.056,
0.185,-335.415,
0.186001,70.5368,
0.187,-447.526,
0.188,584.336,
0.189001,-152.276,
0.19,123.234,
0.191001,456.524,
0.192,-108.175,
0.193,192.319,
0.194001,-179.223,
0.195,-369.24,
0.196,-206.299,
0.197001,-375.184,
0.198,29.8481,
0.199001,-88.0697,
0.2,369.086,
0.201,356.222,
0.202001,-98.8368,
0.203,-258.083,
0.204,-92.5127,
0.205001,-140.823,
0.206,23.4369,
0.207001,-274.711,
0.208,-148.633,
0.209,52.5914,
0.210001,-110.942,
0.211,475.443,
0.212,-386.239,
0.213001,186.717,
0.214,-61.0692,
0.215001,-56.1244,
0.216001,-12.0476,
0.217,326.013,
0.218001,-7.35243,
0.219,460.509,
0.22,-177.534,
0.221001,-169.297,
0.222,-198.625,
0.223,-95.0566,
0.224001,29.0755,
0.225,-167.727,
0.226001,-90.4969,
0.227,330.205,
0.228,-330.757,
0.229001,263.732,
0.23,-417.848,
0.231,253.517,
0.232001,-446.483,
0.233,398.993,
0.234001,-210.212,
0.235,-81.119,
0.236,232.493,
0.237001,-122.657,
0.238,-85.0611,
0.239,-437.078,
0.240001,-243.132,
0.241,-253.068,
0.242001,-119.445,
0.243,-78.4717,
0.244,100.599,
0.245001,353.481,
0.246,191.478,
0.247,299.305,
0.248001,2.67491,
0.249,-232.326,
0.250001,39.2738,
0.251,-54.1717,
0.252,256.471,
0.253001,-311.979,
0.254,335.357,
0.255,-240.276,
0.256001,35.5405,
0.257,-38.7315,
0.258001,-424.447,
0.259001,-47.3174,
0.26,203.182,
0.261001,-429.281,
0.262,202.08,
0.263,237.017,
0.264001,357.568,
0.265,328.386,
0.266,14.9595,
0.267001,-230.904,
0.268,101.627,
0.269001,-161.118,
0.27,-11.9647,
0.271,-236.571,
0.272001,-188.992,
0.273,29.8452,
0.274,-304.83,
0.275001,95.0831,
0.276,-218.104,
0.277001,162.109,
0.278,208.191,
0.279,-159.354,
0.280001,223.647,
0.281,-157.315,
0.282,457.908,
0.283001,106.809,
0.284,16.4968,
0.285001,-96.946,
0.286,-15.8689,
0.287,-101.581,
0.288001,-160.286,
0.289,-398.322,
0.29,57.0631,
0.291001,-262.479,
0.292,162.891,
0.293001,-312.716,
0.294,164.952,
0.295,-12.0833,
0.296001,518.309,
0.297,302.503,
0.298,-98.314,
0.299001,-3.16682,
0.3,173.801,
Time(s),Acceleration(m_s2),2_AT3_Floor/AT/C3/MeshedPart-PART-1-1 at Node 161141
0,-9.31477,
0.00100059,-9.31477,
0.0020004,-9.31477,
0.00300008,-9.31479,
0.00400059,-9.31479,
0.00500027,1.1644,
0.00600079,137.415,
0.00700047,-72.2138,
0.00800003,347.083,
0.00900083,476.37,
0.0100008,348.294,
0.0110008,499.128,
0.0120007,411.165,
0.0130007,169.434,
0.0140004,96.0605,
0.0150006,-215.376,
0.0160004,-334.093,
0.0170004,-366.055,
0.0180004,-444.075,
0.0190003,-436.496,
0.0200003,-239.769,
0.0210002,-353.871,
0.0220002,61.7065,
0.0230002,48.9024,
0.0240001,135.075,
0.0250001,289.979,
0.026,-152.571,
0.027,349.407,
0.0280008,44.2557,
0.0290008,191.019,
0.0300007,170.045,
0.0310007,158.988,
0.0320006,232.923,
0.0330006,149.64,
0.0340006,222.424,
0.0350005,28.5289,
0.0360005,-145.545,
0.0370005,45.9884,
0.0380004,-121.082,
0.0390004,105.359,
0.0400003,-199.075,
0.0410003,-151.928,
0.0420003,123.985,
0.0430002,42.4895,
0.0440002,78.5797,
0.0450001,-329.456,
0.0460001,344.003,
0.0470001,190.347,
0.048,-35.5063,
0.0490008,327.13,
0.0500008,79.1531,
0.0510007,-18.6238,
0.0520007,-115.224,
0.0530007,0.581888,
0.0540006,-477.084,
0.0550006,173.364,
0.0560006,-127.98,
0.0570005,515.992,
0.0580005,-15.7094,
0.0590004,537.818,
0.0600004,207.227,
0.0610004,770.222,
0.0620003,-327.804,
0.0630008,160.753,
0.0640005,-514.955,
0.0650005,-478.909,
0.0660002,155.564,
0.0670007,-121.197,
0.0680004,922.948,
0.0690001,301.855,
0.0700006,202.213,
0.0710003,596.718,
0.072,809.459,
0.0730005,172.777,
0.0740002,743.267,
0.0750008,-71.0903,
0.0760004,643.283,
0.0770001,-42.8277,
0.0780007,-30.5932,
0.0790003,661.167,
0.08,427.347,
0.0810006,521.608,
0.0820002,172.885,
0.0830008,218.786,
0.0840007,281.601,
0.0850001,-302.642,
0.0860002,167.874,
0.0870008,282.261,
0.0880004,320.385,
0.0890002,128.123,
0.0900004,-312.874,
0.0910005,-40.9933,
0.0920007,69.6069,
0.0930001,-43.6179,
0.0940001,314.161,
0.0950003,-302.141,
0.0960008,-103.122,
0.0970005,702.956,
0.0980002,-514.109,
0.0990005,271.75,
0.1,-93.3444,
0.101001,-283.383,
0.102001,294.911,
0.103,-118.816,
0.104001,66.5454,
0.105001,136.735,
0.106,-443.802,
0.107,657.403,
0.108,-215.062,
0.109001,-109.652,
0.11,-65.528,
0.111,412.998,
0.112,-132.224,
0.113001,162.656,
0.114001,-106.589,
0.115,335.625,
0.116,-429.367,
0.117001,407.512,
0.118001,-90.1189,
0.119,396.428,
0.12,40.4711,
0.121,-213.685,
0.122001,-147.59,
0.123,-57.7873,
0.124,40.1739,
0.125,-22.5637,
0.126,-221.551,
0.127001,-575.269,
0.128,-22.1263,
0.129,105.539,
0.130001,-13.9748,
0.131,-182.551,
0.132001,-279.292,
0.133,239.933,
0.134,64.5683,
0.135001,177.697,
0.136,-567.019,
0.137,248.71,
0.138001,249.047,
0.139,-103.29,
0.140001,-509.004,
0.141,-36.6897,
0.142,165.523,
0.143001,429.551,
0.144,5.89628,
0.145,199.753,
0.146001,49.7243,
0.147,155.2,
0.148001,256.686,
0.149,-228.443,
0.15,-110.226,
0.151001,25.0418,
0.152,205.575,
0.153,8.58921,
0.154001,-467.915,
0.155,0.29118,
0.156001,-334.811,
0.157,200.02,
0.158,-206.576,
0.159001,118.36,
0.16,-565.744,
0.161,485.187,
0.162001,-250.468,
0.163,-360.869,
0.164001,-6.1874,
0.165001,-172.012,
0.166,596.783,
0.167001,192.911,
0.168,-53.1388,
0.169,96.242,
0.170001,-258.479,
0.171,94.349,
0.172,-13.0322,
0.173001,-317.194,
0.174,534.713,
0.175001,-93.325,
0.176,365.436,
0.177,-353.794,
0.178001,184.254,
0.179,325.71,
0.18,215.328,
0.181001,-423.072,
0.182,320.3,
0.183001,148.654,
0.184,5.38694,
0.185,136.699,
0.186001,-96.8152,
0.187,111.226,
0.188,121.409,
0.189001,-36.9772,
0.19,-290.434,
0.191001,-171.196,
0.192,165.174,
0.193,-687.966,
0.194001,171.143,
0.195,-495.694,
0.196,262.423,
0.197001,-112.905,
0.198,15.0696,
0.199001,-137.855,
0.2,226.976,
0.201,-26.2035,
0.202001,-217.033,
0.203,-306.337,
0.204,88.8006,
0.205001,37.1889,
0.206,84.7222,
0.207001,-20.5269,
0.208,-48.1857,
0.209,-147.256,
0.210001,178.57,
0.211,110.054,
0.212,-253.028,
0.213001,336.818,
0.214,-55.9012,
0.215001,147.627,
0.216001,-190.724,
0.217,129.415,
0.218001,73.6699,
0.219,24.019,
0.22,-83.9993,
0.221001,12.0822,
0.222,-277.085,
0.223,-349.766,
0.224001,-32.4597,
0.225,-447.867,
0.226001,130.777,
0.227,-136.196,
0.228,128.82,
0.229001,322.832,
0.23,-59.7549,
0.231,465.946,
0.232001,-50.9477,
0.233,190.489,
0.234001,-356.589,
0.235,-34.0271,
0.236,-87.7491,
0.237001,-30.5004,
0.238,-379.163,
0.239,227.347,
0.240001,-168.009,
0.241,119.801,
0.242001,118.026,
0.243,-128.008,
0.244,134.847,
0.245001,3.27566,
0.246,-5.93249,
0.247,-49.464,
0.248001,-277.427,
0.249,59.9617,
0.250001,98.8759,
0.251,251.479,
0.252,110.419,
0.253001,-153.255,
0.254,-294.105,
0.255,-324.767,
0.256001,39.2801,
0.257,31.7841,
0.258001,-291.202,
0.259001,46.2619,
0.26,-192.517,
0.261001,176.968,
0.262,-196.729,
0.263,6.55146,
0.264001,292.562,
0.265,-29.8095,
0.266,242.275,
0.267001,112.731,
0.268,188.551,
0.269001,92.1608,
0.27,170.108,
0.271,-401.48,
0.272001,-4.0397,
0.273,-112.065,
0.274,-448.604,
0.275001,100.944,
0.276,-156.771,
0.277001,197.195,
0.278,-84.4773,
0.279,414.41,
0.280001,-86.5247,
0.281,100.133,
0.282,-151.747,
0.283001,88.7376,
0.284,-201.446,
0.285001,-96.4728,
0.286,-164.148,
0.287,-134.537,
0.288001,0.655118,
0.289,-39.3445,
0.29,44.5805,
0.291001,102.197,
0.292,-342.487,
0.293001,-145.293,
0.294,74.032,
0.295,-96.9573,
0.296001,412.754,
0.297,-21.7659,
0.298,87.9402,
0.299001,-106.58,
0.3,211.495,
Time(s),Acceleration(m_s2),3_AT3_Floor/AT/C3/MeshedPart-PART-1-1 at Node 161084
0,-9.31477,
0.00100059,-9.31477,
0.0020004,-9.31477,
0.00300008,-10.4791,
0.00400059,-9.31479,
0.00500027,0,
0.00600079,27.9487,
0.00700047,253.913,
0.00800003,257.401,
0.00900083,451.911,
0.0100008,373.338,
0.0110008,223.647,
0.0120007,183.452,
0.0130007,7.5692,
0.0140004,145.546,
0.0150006,-146.107,
0.0160004,-144.929,
0.0170004,34.9178,
0.0180004,-365.504,
0.0190003,-392.265,
0.0200003,-329.391,
0.0210002,-115.241,
0.0220002,-245.662,
0.0230002,-180.473,
0.0240001,-68.7021,
0.0250001,238.738,
0.026,110.643,
0.027,20.9644,
0.0280008,314.448,
0.0290008,43.0957,
0.0300007,51.2465,
0.0310007,-72.2143,
0.0320006,4.65846,
0.0330006,286.471,
0.0340006,122.275,
0.0350005,-134.494,
0.0360005,229.378,
0.0370005,250.899,
0.0380004,353.35,
0.0390004,-151.926,
0.0400003,-137.956,
0.0410003,-37.8365,
0.0420003,115.836,
0.0430002,-77.9944,
0.0440002,146.1,
0.0450001,-240.98,
0.0460001,454.596,
0.0470001,179.869,
0.048,2.32828,
0.0490008,-91.387,
0.0500008,-90.2113,
0.0510007,138.514,
0.0520007,-327.633,
0.0530007,-282.798,
0.0540006,-164.652,
0.0550006,-17.4527,
0.0560006,-58.7545,
0.0570005,475.271,
0.0580005,65.1651,
0.0590004,354.471,
0.0600004,113.509,
0.0610004,320.78,
0.0620003,716.162,
0.0630008,-48.3424,
0.0640005,-315.148,
0.0650005,576.788,
0.0660002,-308.215,
0.0670007,364.755,
0.0680004,397.381,
0.0690001,-40.7912,
0.0700006,489.507,
0.0710003,43.7049,
0.072,268.071,
0.0730005,472.005,
0.0740002,824.848,
0.0750008,616.504,
0.0760004,1065.44,
0.0770001,-287.12,
0.0780007,730.594,
0.0790003,67.5879,
0.08,97.1508,
0.0810006,195.767,
0.0820002,259.546,
0.0830008,780.645,
0.0840007,-728.405,
0.0850001,501.94,
0.0860002,395.278,
0.0870008,86.2476,
0.0880004,552.373,
0.0890002,375.741,
0.0900004,-138.198,
0.0910005,-479.614,
0.0920007,303.402,
0.0930001,-334.598,
0.0940001,202.777,
0.0950003,-133.993,
0.0960008,-294.438,
0.0970005,269.37,
0.0980002,161.369,
0.0990005,376.897,
0.1,-172.272,
0.101001,343.525,
0.102001,259.522,
0.103,695.131,
0.104001,468.585,
0.105001,-288.906,
0.106,-193.945,
0.107,-381.483,
0.108,121.728,
0.109001,-131.932,
0.11,-213.184,
0.111,-459.599,
0.112,-612.044,
0.113001,-324.729,
0.114001,-14.1245,
0.115,247.023,
0.116,509.882,
0.117001,245.614,
0.118001,213.578,
0.119,-226.239,
0.12,91.5694,
0.121,-35.0805,
0.122001,357.767,
0.123,-437.408,
0.124,-285.875,
0.125,-144.117,
0.126,-13.5376,
0.127001,-595.648,
0.128,149.571,
0.129,198.122,
0.130001,-49.9307,
0.131,-268.004,
0.132001,-131.748,
0.133,485.253,
0.134,499.658,
0.135001,89.1034,
0.136,118.805,
0.137,-253.296,
0.138001,124.487,
0.139,-27.9517,
0.140001,-393.546,
0.141,-249.985,
0.142,-111.95,
0.143001,426.857,
0.144,-556.871,
0.145,-110.432,
0.146001,19.0743,
0.147,-214.529,
0.148001,840.089,
0.149,-27.6636,
0.15,166.286,
0.151001,-17.471,
0.152,58.5276,
0.153,-101.615,
0.154001,79.7815,
0.155,-665.056,
0.156001,344.492,
0.157,-693.375,
0.158,36.5402,
0.159001,-619.915,
0.16,317.667,
0.161,-12.2662,
0.162001,529.688,
0.163,246.621,
0.164001,251.136,
0.165001,-198.291,
0.166,541.895,
0.167001,-203.976,
0.168,-298.305,
0.169,316.827,
0.170001,158.829,
0.171,-280.717,
0.172,-161.192,
0.173001,-328.478,
0.174,614.283,
0.175001,-297.737,
0.176,4.22216,
0.177,-827.995,
0.178001,-19.5101,
0.179,194.96,
0.18,86.0437,
0.181001,104.967,
0.182,-106.136,
0.183001,716.553,
0.184,89.9764,
0.185,7.27897,
0.186001,-165.678,
0.187,-108.897,
0.188,-198.273,
0.189001,-122.359,
0.19,-177.39,
0.191001,-387.157,
0.192,147.485,
0.193,191.154,
0.194001,-189.633,
0.195,-62.171,
0.196,-18.1985,
0.197001,145.88,
0.198,114.879,
0.199001,-112.38,
0.2,399.728,
0.201,-23.5832,
0.202001,67.9776,
0.203,-539.747,
0.204,-76.1356,
0.205001,-556.669,
0.206,162.384,
0.207001,168.655,
0.208,-98.6279,
0.209,-41.2724,
0.210001,125.574,
0.211,-110.126,
0.212,-156.869,
0.213001,151.048,
0.214,-134.949,
0.215001,3.8217,
0.216001,-99.0017,
0.217,-206.06,
0.218001,413.92,
0.219,-126.136,
0.22,330.028,
0.221001,-114.417,
0.222,10.3352,
0.223,-220.21,
0.224001,-254.765,
0.225,461.114,
0.226001,-179.793,
0.227,506.899,
0.228,213.42,
0.229001,-12.5188,
0.23,49.4925,
0.231,-639.798,
0.232001,58.0803,
0.233,12.083,
0.234001,-99.0648,
0.235,-10.7722,
0.236,81.9622,
0.237001,71.192,
0.238,-145.445,
0.239,-67.6963,
0.240001,-193.56,
0.241,15.9419,
0.242001,230.592,
0.243,-509.92,
0.244,-13.7395,
0.245001,-159.106,
0.246,-80.1433,
0.247,534.605,
0.248001,-41.9251,
0.249,-337.641,
0.250001,-100.368,
0.251,153.289,
0.252,-121.428,
0.253001,185.155,
0.254,136.024,
0.255,267.202,
0.256001,147.84,
0.257,207.393,
0.258001,-210.659,
0.259001,-116.983,
0.26,105.777,
0.261001,203.321,
0.262,196.984,
0.263,-75.7785,
0.264001,-204.845,
0.265,119.311,
0.266,-55.179,
0.267001,-171.927,
0.268,29.3325,
0.269001,-133.437,
0.27,-187.396,
0.271,117.922,
0.272001,-101.247,
0.273,114.103,
0.274,227.658,
0.275001,-235.888,
0.276,-416.952,
0.277001,-13.8408,
0.278,-303.078,
0.279,59.7306,
0.280001,-78.1161,
0.281,-87.83,
0.282,109.481,
0.283001,332.884,
0.284,-235.541,
0.285001,249.194,
0.286,-139.924,
0.287,168.194,
0.288001,-105.256,
0.289,24.6768,
0.29,-18.0688,
0.291001,223.337,
0.292,199.465,
0.293001,-107.259,
0.294,-57.9262,
0.295,-1.32843,
0.296001,-126.229,
0.297,-297.907,
0.298,88.832,
0.299001,-173.228,
0.3,-154.659,
Time(s),Acceleration(m_s2),4_AT3_Floor/AT/C3/MeshedPart-PART-1-1 at Node 161197
0,-9.31477,
0.00100059,-10.4791,
0.0020004,-9.31477,
0.00300008,-9.31479,
0.00400059,-11.6435,
0.00500027,-285.277,
0.00600079,201.464,
0.00700047,-594.016,
0.00800003,-173.542,
0.00900083,-99.0012,
0.0100008,-372.756,
0.0110008,-51.2524,
0.0120007,-152.585,
0.0130007,177.003,
0.0140004,147.875,
0.0150006,279.407,
0.0160004,480.768,
0.0170004,124.54,
0.0180004,580.848,
0.0190003,126.875,
0.0200003,429.489,
0.0210002,214.185,
0.0220002,360.925,
0.0230002,270.709,
0.0240001,110.04,
0.0250001,58.2288,
0.026,-252.732,
0.027,98.9986,
0.0280008,-239.33,
0.0290008,-186.36,
0.0300007,-280.691,
0.0310007,109.486,
0.0320006,-122.285,
0.0330006,288.8,
0.0340006,-79.1876,
0.0350005,199.12,
0.0360005,233.454,
0.0370005,35.51,
0.0380004,266.613,
0.0390004,206.06,
0.0400003,384.762,
0.0410003,266.02,
0.0420003,68.1044,
0.0430002,505.218,
0.0440002,22.1187,
0.0450001,253.204,
0.0460001,-376.017,
0.0470001,97.2109,
0.048,139.115,
0.0490008,123.402,
0.0500008,247.353,
0.0510007,182.164,
0.0520007,249.071,
0.0530007,441.071,
0.0540006,9.30896,
0.0550006,-329.857,
0.0560006,65.1535,
0.0570005,-6.39899,
0.0580005,222.841,
0.0590004,-149.006,
0.0600004,125.151,
0.0610004,266.638,
0.0620003,841.345,
0.0630008,67.5629,
0.0640005,936.414,
0.0650005,-236.541,
0.0660002,-329.772,
0.0670007,391.267,
0.0680004,-360.09,
0.0690001,355.175,
0.0700006,289.334,
0.0710003,-81.2911,
0.072,215.623,
0.0730005,47.7833,
0.0740002,586.805,
0.0750008,183.844,
0.0760004,-264.538,
0.0770001,-228.706,
0.0780007,-344.683,
0.0790003,-321.043,
0.08,-352.772,
0.0810006,220.82,
0.0820002,627.164,
0.0830008,-676.168,
0.0840007,720.595,
0.0850001,-330.033,
0.0860002,509.439,
0.0870008,520.471,
0.0880004,241.454,
0.0890002,859.835,
0.0900004,35.5323,
0.0910005,147.226,
0.0920007,160.62,
0.0930001,-732.402,
0.0940001,598.319,
0.0950003,5.09758,
0.0960008,27.4556,
0.0970005,2.03903,
0.0980002,66.5574,
0.0990005,-53.2286,
0.1,597.565,
0.101001,49.1023,
0.102001,657.252,
0.103,725.709,
0.104001,307.245,
0.105001,222.213,
0.106,316.835,
0.107,-481.076,
0.108,295.437,
0.109001,82.421,
0.11,-462.482,
0.111,-233.877,
0.112,-198.554,
0.113001,103.389,
0.114001,92.3191,
0.115,-387.17,
0.116,12.5942,
0.117001,-69.5201,
0.118001,239.492,
0.119,212.991,
0.12,-333.013,
0.121,-49.2,
0.122001,450.921,
0.123,491.556,
0.124,241.917,
0.125,-248.201,
0.126,-129.553,
0.127001,374.828,
0.128,-5.96829,
0.129,-58.0828,
0.130001,-425.794,
0.131,166.684,
0.132001,-30.717,
0.133,165.245,
0.134,222.895,
0.135001,32.7586,
0.136,711.376,
0.137,286.778,
0.138001,-269.649,
0.139,-305.14,
0.140001,-40.3301,
0.141,392.231,
0.142,-63.4724,
0.143001,-20.382,
0.144,-269.628,
0.145,88.9569,
0.146001,-309.266,
0.147,69.447,
0.148001,-290.464,
0.149,218.251,
0.15,-541.52,
0.151001,-386.328,
0.152,-103.952,
0.153,38.1419,
0.154001,180.964,
0.155,178.639,
0.156001,25.1836,
0.157,-113.403,
0.158,100.303,
0.159001,-120.252,
0.16,274.283,
0.161,-219.845,
0.162001,-59.3961,
0.163,328.149,
0.164001,-188.534,
0.165001,-7.71616,
0.166,-80.6582,
0.167001,74.5436,
0.168,16.3056,
0.169,-136.865,
0.170001,-349.467,
0.171,-256.111,
0.172,253.182,
0.173001,103.887,
0.174,-131.476,
0.175001,-181.918,
0.176,-106.864,
0.177,674.466,
0.178001,-135.115,
0.179,-680.249,
0.18,52.4852,
0.181001,-372.039,
0.182,92.432,
0.183001,-353.426,
0.184,118.986,
0.185,-29.3343,
0.186001,331.392,
0.187,-88.406,
0.188,21.9999,
0.189001,172.53,
0.19,104.609,
0.191001,383.136,
0.192,-201.718,
0.193,238.033,
0.194001,598.018,
0.195,317.698,
0.196,144.278,
0.197001,374.164,
0.198,8.73602,
0.199001,-355.336,
0.2,-389.392,
0.201,-362.045,
0.202001,-279.189,
0.203,346.294,
0.204,-185.098,
0.205001,104.434,
0.206,146.008,
0.207001,186.562,
0.208,58.3761,
0.209,-43.6745,
0.210001,-343.09,
0.211,410.081,
0.212,-245.822,
0.213001,96.9617,
0.214,55.1734,
0.215001,-324.881,
0.216001,-334.567,
0.217,129.852,
0.218001,-228.653,
0.219,-390.268,
0.22,36.3402,
0.221001,31.1063,
0.222,128.298,
0.223,62.9222,
0.224001,192.393,
0.225,-92.0699,
0.226001,624.98,
0.227,160.426,
0.228,-385.932,
0.229001,448.639,
0.23,-278.905,
0.231,338.751,
0.232001,-354.596,
0.233,-359.286,
0.234001,-94.4791,
0.235,-266.83,
0.236,-302.772,
0.237001,-249.149,
0.238,-31.4657,
0.239,-264.78,
0.240001,184.351,
0.241,97.4347,
0.242001,139.662,
0.243,-65.7146,
0.244,46.6415,
0.245001,-152.737,
0.246,-32.7743,
0.247,-399.193,
0.248001,82.9768,
0.249,-223.505,
0.250001,-160.407,
0.251,17.1777,
0.252,-159.405,
0.253001,-5.89584,
0.254,364.137,
0.255,-264.982,
0.256001,-24.3852,
0.257,279.314,
0.258001,-23.2387,
0.259001,83.8974,
0.26,224.615,
0.261001,-54.6884,
0.262,556.629,
0.263,-379.475,
0.264001,86.4439,
0.265,-558.281,
0.266,287.124,
0.267001,-222.387,
0.268,-201.106,
0.269001,50.7758,
0.27,-365.984,
0.271,173.17,
0.272001,-279.139,
0.273,-99.5083,
0.274,-127.917,
0.275001,13.1049,
0.276,16.8892,
0.277001,114.576,
0.278,218.309,
0.279,-114.329,
0.280001,284.764,
0.281,181.193,
0.282,219.388,
0.283001,-144.872,
0.284,-239.235,
0.285001,256.114,
0.286,-245.913,
0.287,239.576,
0.288001,207.627,
0.289,197.814,
0.29,83.1927,
0.291001,217.422,
0.292,-183.708,
0.293001,241.234,
0.294,-129.429,
0.295,119.45,
0.296001,-396.739,
0.297,-109.558,
0.298,120.135,
0.299001,-139.14,
0.3,-34.8602,
Time(s),Acceleration(m_s2),5_AT3_Floor/AT/C3/MeshedPart-PART-1-1 in Element 137655
0,-9.31477,
0.00100059,-10.2335,
0.0020004,-10.2335,
0.00300008,-10.4791,
0.00400059,-9.98784,
0.00500027,-116.87,
0.00600079,20.2378,
0.00700047,-251.36,
0.00800003,-192.609,
0.00900083,-141.109,
0.0100008,-390.702,
0.0110008,-241.846,
0.0120007,-152.997,
0.0130007,-268.795,
0.0140004,108.671,
0.0150006,72.2156,
0.0160004,277.639,
0.0170004,649.347,
0.0180004,475.916,
0.0190003,526.41,
0.0200003,558.148,
0.0210002,7.69167,
0.0220002,469.278,
0.0230002,-32.3637,
0.0240001,19.8412,
0.0250001,162.578,
0.026,-170.08,
0.027,265.302,
0.0280008,-36.9099,
0.0290008,-88.9128,
0.0300007,-208.011,
0.0310007,49.9023,
0.0320006,-28.9661,
0.0330006,-127.206,
0.0340006,4.86082,
0.0350005,-25.5991,
0.0360005,253.045,
0.0370005,78.3687,
0.0380004,54.6668,
0.0390004,55.2084,
0.0400003,176.304,
0.0410003,-109.501,
0.0420003,264.129,
0.0430002,26.0816,
0.0440002,1.95239,
0.0450001,437.594,
0.0460001,88.3459,
0.0470001,506.303,
0.048,-100.528,
0.0490008,247.552,
0.0500008,10.4497,
0.0510007,91.6124,
0.0520007,34.1099,
0.0530007,331.125,
0.0540006,263.601,
0.0550006,566.529,
0.0560006,152.297,
0.0570005,133.003,
0.0580005,94.8228,
0.0590004,-92.7837,
0.0600004,-453.982,
0.0610004,-212.797,
0.0620003,383.191,
0.0630008,-224.593,
0.0640005,421.579,
0.0650005,438.067,
0.0660002,353.247,
0.0670007,229.384,
0.0680004,-417.33,
0.0690001,382.417,
0.0700006,-189.138,
0.0710003,-55.6916,
0.072,3.20103,
0.0730005,-153.396,
0.0740002,155.149,
0.0750008,408.389,
0.0760004,264.432,
0.0770001,202.42,
0.0780007,186.242,
0.0790003,386.768,
0.08,-302.994,
0.0810006,249.713,
0.0820002,332.307,
0.0830008,196.331,
0.0840007,-264.739,
0.0850001,270.577,
0.0860002,364.372,
0.0870008,340.594,
0.0880004,341.248,
0.0890002,409.65,
0.0900004,-105.17,
0.0910005,358.311,
0.0920007,-165.586,
0.0930001,128.085,
0.0940001,182.102,
0.0950003,70.1376,
0.0960008,402.118,
0.0970005,-35.4174,
0.0980002,97.4685,
0.0990005,393.276,
0.1,-0.0137852,
0.101001,-139.212,
0.102001,203.009,
0.103,95.9751,
0.104001,203.238,
0.105001,245.36,
0.106,-358.869,
0.107,391.146,
0.108,-11.3602,
0.109001,376.387,
0.11,-116.799,
0.111,41.3519,
0.112,194.171,
0.113001,334.597,
0.114001,-132.192,
0.115,143.173,
0.116,-27.6338,
0.117001,126.922,
0.118001,174.444,
0.119,169.371,
0.12,-179.037,
0.121,-27.6034,
0.122001,204.88,
0.123,246.286,
0.124,-36.3222,
0.125,-80.1507,
0.126,-253.418,
0.127001,219.242,
0.128,265.839,
0.129,-261.616,
0.130001,-217.57,
0.131,-357.402,
0.132001,429.7,
0.133,-305.342,
0.134,-542.324,
0.135001,530.448,
0.136,-433.611,
0.137,548.84,
0.138001,-573.838,
0.139,142.096,
0.140001,163.648,
0.141,265.699,
0.142,-240.364,
0.143001,358.326,
0.144,-292.159,
0.145,454.674,
0.146001,-516.669,
0.147,88.4213,
0.148001,-88.4676,
0.149,8.97692,
0.15,525.677,
0.151001,-107.776,
0.152,225.044,
0.153,212.324,
0.154001,-203.885,
0.155,178.073,
0.156001,-412.156,
0.157,14.3287,
0.158,161.475,
0.159001,-180.377,
0.16,49.3431,
0.161,-198.71,
0.162001,-678.014,
0.163,536.453,
0.164001,-628.925,
0.165001,-94.1888,
0.166,-268.505,
0.167001,225.111,
0.168,8.82877,
0.169,-91.69,
0.170001,-327.067,
0.171,255.247,
0.172,-461.677,
0.173001,645.408,
0.174,-376.875,
0.175001,-128.925,
0.176,490.034,
0.177,-293.045,
0.178001,-37.4871,
0.179,4.05879,
0.18,-528.17,
0.181001,854.988,
0.182,-214.433,
0.183001,-31.7108,
0.184,-34.5523,
0.185,-182.838,
0.186001,263.696,
0.187,-390.815,
0.188,-160.3,
0.189001,466.173,
0.19,-188.185,
0.191001,438.594,
0.192,-135.764,
0.193,-111.733,
0.194001,169.712,
0.195,-217.55,
0.196,2.35221,
0.197001,-308.095,
0.198,-182.46,
0.199001,398.713,
0.2,-578.742,
0.201,351.491,
0.202001,-221.608,
0.203,270.562,
0.204,227.34,
0.205001,-332.414,
0.206,256.605,
0.207001,-361.716,
0.208,381.924,
0.209,-20.0001,
0.210001,52.0013,
0.211,16.0623,
0.212,237.068,
0.213001,212.163,
0.214,-138.263,
0.215001,-176.321,
0.216001,84.0806,
0.217,73.641,
0.218001,1.3483,
0.219,94.4159,
0.22,-292.175,
0.221001,124.368,
0.222,165.625,
0.223,-268.401,
0.224001,245.017,
0.225,-287.614,
0.226001,129.782,
0.227,45.8923,
0.228,99.3214,
0.229001,-288.423,
0.23,-244.183,
0.231,74.2106,
0.232001,-534.129,
0.233,-137.193,
0.234001,-194.223,
0.235,407.856,
0.236,429.253,
0.237001,87.8033,
0.238,109.182,
0.239,39.3127,
0.240001,114.699,
0.241,-289.419,
0.242001,175.465,
0.243,164.664,
0.244,40.7626,
0.245001,-20.9894,
0.246,28.0161,
0.247,-63.5313,
0.248001,95.7293,
0.249,-407.681,
0.250001,254.347,
0.251,-443.785,
0.252,335.792,
0.253001,-229.219,
0.254,386.769,
0.255,-478.697,
0.256001,501.539,
0.257,-412.291,
0.258001,157.705,
0.259001,-46.2665,
0.26,-72.3353,
0.261001,-93.7472,
0.262,195.122,
0.263,-206.738,
0.264001,-30.7842,
0.265,-61.4321,
0.266,47.2721,
0.267001,-150.601,
0.268,68.5489,
0.269001,-197.625,
0.27,34.1913,
0.271,199.888,
0.272001,178.576,
0.273,323.563,
0.274,-138.252,
0.275001,434.614,
0.276,81.07,
0.277001,219.868,
0.278,-415.537,
0.279,388.322,
0.280001,-387.358,
0.281,391.578,
0.282,-557.816,
0.283001,402.004,
0.284,-326.344,
0.285001,245.843,
0.286,-179.043,
0.287,271.787,
0.288001,-166.26,
0.289,372.705,
0.29,-415.064,
0.291001,155.594,
0.292,51.9843,
0.293001,254.528,
0.294,-311.935,
0.295,-13.2926,
0.296001,-57.8568,
0.297,-218.234,
0.298,-155.545,
0.299001,-112.821,
0.3,116.009,
Time(s),Acceleration(m_s2),6_AT3_Floor/AT/C3/MeshedPart-PART-1-1 in Element 137520
0,-9.31477,
0.00100059,-9.31477,
0.0020004,-10.8087,
0.00300008,-10.4791,
0.00400059,-10.1495,
0.00500027,-93.9435,
0.00600079,-150.16,
0.00700047,-93.7737,
0.00800003,-455.509,
0.00900083,23.7104,
0.0100008,-357.089,
0.0110008,-118.899,
0.0120007,37.0046,
0.0130007,-80.7905,
0.0140004,285.514,
0.0150006,127.051,
0.0160004,277.755,
0.0170004,306.285,
0.0180004,256.061,
0.0190003,368.637,
0.0200003,454.353,
0.0210002,200.17,
0.0220002,350.869,
0.0230002,136.625,
0.0240001,427.131,
0.0250001,-68.519,
0.026,-110.024,
0.027,-168.264,
0.0280008,-108.701,
0.0290008,-121.673,
0.0300007,-119.886,
0.0310007,-36.8127,
0.0320006,141.026,
0.0330006,177.13,
0.0340006,43.9561,
0.0350005,-152.161,
0.0360005,199.895,
0.0370005,22.7803,
0.0380004,368.405,
0.0390004,-158.19,
0.0400003,218.557,
0.0410003,481.692,
0.0420003,261.078,
0.0430002,410.113,
0.0440002,233.626,
0.0450001,14.0021,
0.0460001,136.374,
0.0470001,36.5969,
0.048,130.592,
0.0490008,165.874,
0.0500008,126.193,
0.0510007,25.2274,
0.0520007,84.2939,
0.0530007,-55.7292,
0.0540006,48.9014,
0.0550006,-43.7211,
0.0560006,148.656,
0.0570005,12.715,
0.0580005,329.184,
0.0590004,-111.32,
0.0600004,-121.825,
0.0610004,108.742,
0.0620003,-92.8003,
0.0630008,541.533,
0.0640005,162.952,
0.0650005,840.546,
0.0660002,168.738,
0.0670007,843.635,
0.0680004,-137.504,
0.0690001,167.826,
0.0700006,568.316,
0.0710003,266.455,
0.072,149.256,
0.0730005,148.479,
0.0740002,-119.804,
0.0750008,34.4632,
0.0760004,39.8665,
0.0770001,161.383,
0.0780007,161.213,
0.0790003,519.579,
0.08,292.214,
0.0810006,316.433,
0.0820002,-291.435,
0.0830008,452.998,
0.0840007,-711.06,
0.0850001,367.255,
0.0860002,-251.134,
0.0870008,-173.195,
0.0880004,-245.959,
0.0890002,-206.499,
0.0900004,90.5602,
0.0910005,220.932,
0.0920007,69.983,
0.0930001,606.767,
0.0940001,296.764,
0.0950003,117.543,
0.0960008,-108.455,
0.0970005,432.894,
0.0980002,394.865,
0.0990005,440.634,
0.1,274.308,
0.101001,42.3579,
0.102001,-415.039,
0.103,107.833,
0.104001,-7.95335,
0.105001,44.8107,
0.106,35.3087,
0.107,111.252,
0.108,-57.1469,
0.109001,15.2306,
0.11,-119.188,
0.111,82.6544,
0.112,361.506,
0.113001,295.19,
0.114001,-54.7197,
0.115,-108.561,
0.116,-506.162,
0.117001,-203.464,
0.118001,138.482,
0.119,-196.603,
0.12,-282.49,
0.121,72.5268,
0.122001,-27.4332,
0.123,188.539,
0.124,167.524,
0.125,-136.761,
0.126,223.297,
0.127001,559.425,
0.128,404.551,
0.129,-97.5655,
0.130001,72.2402,
0.131,293.307,
0.132001,683.139,
0.133,140.667,
0.134,165.777,
0.135001,-169.859,
0.136,7.65468,
0.137,73.7692,
0.138001,-178.257,
0.139,32.1088,
0.140001,219.568,
0.141,-193.447,
0.142,-293.116,
0.143001,-514.651,
0.144,-100.783,
0.145,20.3991,
0.146001,16.6043,
0.147,-449.484,
0.148001,-22.191,
0.149,-409.09,
0.15,51.7253,
0.151001,-51.4401,
0.152,66.1978,
0.153,29.9462,
0.154001,59.4692,
0.155,-13.4509,
0.156001,206.03,
0.157,-88.2085,
0.158,509.04,
0.159001,-124.285,
0.16,82.2811,
0.161,-99.2054,
0.162001,-128.374,
0.163,65.0505,
0.164001,310.291,
0.165001,120.618,
0.166,-99.8109,
0.167001,173.61,
0.168,204.626,
0.169,-35.7344,
0.170001,-428.608,
0.171,-441.563,
0.172,-81.1324,
0.173001,-284.75,
0.174,-72.304,
0.175001,-550.589,
0.176,-83.7794,
0.177,24.5771,
0.178001,-19.2803,
0.179,1.56028,
0.18,-283.909,
0.181001,172.738,
0.182,-197.765,
0.183001,-385.15,
0.184,81.5458,
0.185,-61.1108,
0.186001,302.988,
0.187,70.3036,
0.188,384.81,
0.189001,-164.567,
0.19,127.917,
0.191001,60.0051,
0.192,232.695,
0.193,-157.463,
0.194001,89.4963,
0.195,92.781,
0.196,-191.233,
0.197001,271.068,
0.198,204.59,
0.199001,-9.24622,
0.2,-25.9036,
0.201,-169.878,
0.202001,17.9807,
0.203,-96.7812,
0.204,281.367,
0.205001,-165.769,
0.206,151.119,
0.207001,-510.335,
0.208,-114.509,
0.209,-347.487,
0.210001,-311.103,
0.211,-140.415,
0.212,-162.525,
0.213001,211.494,
0.214,-254.048,
0.215001,265.451,
0.216001,285.346,
0.217,74.1816,
0.218001,391.473,
0.219,-257.208,
0.22,443.074,
0.221001,-42.1598,
0.222,143.345,
0.223,278.769,
0.224001,-109.445,
0.225,136.057,
0.226001,-119.228,
0.227,-316.624,
0.228,42.7154,
0.229001,-255.19,
0.23,286.129,
0.231,-139.109,
0.232001,419.046,
0.233,-97.6667,
0.234001,18.3634,
0.235,7.315,
0.236,-174.856,
0.237001,94.7284,
0.238,-74.1756,
0.239,217.175,
0.240001,-67.7718,
0.241,-28.3995,
0.242001,-127.307,
0.243,-138.175,
0.244,-19.1952,
0.245001,-321.35,
0.246,-51.0709,
0.247,-289.37,
0.248001,195.792,
0.249,73.7801,
0.250001,114.431,
0.251,299.215,
0.252,107.325,
0.253001,188.02,
0.254,-64.5404,
0.255,191.277,
0.256001,9.15455,
0.257,233.51,
0.258001,2.29012,
0.259001,-404.849,
0.26,1.0558,
0.261001,-301.436,
0.262,-58.1425,
0.263,-30.3894,
0.264001,-136.031,
0.265,-147.115,
0.266,272.413,
0.267001,-93.2665,
0.268,-248.742,
0.269001,207.281,
0.27,221.021,
0.271,238.459,
0.272001,-49.1528,
0.273,-148.691,
0.274,-177.179,
0.275001,20.2582,
0.276,4.61964,
0.277001,30.0785,
0.278,-92.1756,
0.279,17.1444,
0.280001,246.742,
0.281,130.955,
0.282,-134.655,
0.283001,-18.9342,
0.284,-49.1127,
0.285001,-23.9155,
0.286,-49.1992,
0.287,63.3616,
0.288001,37.7136,
0.289,486.779,
0.29,115.817,
0.291001,156.878,
0.292,-213.973,
0.293001,-85.9975,
0.294,-261.987,
0.295,-110.932,
0.296001,-32.0728,
0.297,19.292,
0.298,363.186,
0.299001,-204.637,
0.3,-33.8056,
Time(s),Acceleration(m_s2),7_AT3_Floor/AT/C3/MeshedPart-PART-1-1 at Node 161028
0,-9.31477,
0.00100059,-9.31477,
0.0020004,-10.4791,
0.00300008,-8.15044,
0.00400059,-10.4791,
0.00500027,-81.5078,
0.00600079,223.59,
0.00700047,-111.815,
0.00800003,292.342,
0.00900083,518.3,
0.0100008,49.5066,
0.0110008,415.261,
0.0120007,137.443,
0.0130007,-157.206,
0.0140004,-70.4444,
0.0150006,-106.524,
0.0160004,-47.1455,
0.0170004,69.2537,
0.0180004,-229.313,
0.0190003,-0.581995,
0.0200003,-368.965,
0.0210002,-159.475,
0.0220002,45.4067,
0.0230002,-408.684,
0.0240001,15.1377,
0.0250001,-197.978,
0.026,8.15265,
0.027,416.959,
0.0280008,45.4203,
0.0290008,201.501,
0.0300007,299.326,
0.0310007,135.693,
0.0320006,-164.211,
0.0330006,211.36,
0.0340006,-119.946,
0.0350005,287.036,
0.0360005,-34.3485,
0.0370005,-105.948,
0.0380004,68.6907,
0.0390004,-16.2986,
0.0400003,-291.628,
0.0410003,-48.8964,
0.0420003,-96.6267,
0.0430002,121.648,
0.0440002,-195.576,
0.0450001,28.5218,
0.0460001,248.544,
0.0470001,231.094,
0.048,-44.2374,
0.0490008,51.8054,
0.0500008,-154.232,
0.0510007,-260.151,
0.0520007,-146.649,
0.0530007,54.6975,
0.0540006,51.1993,
0.0550006,82.0278,
0.0560006,358.926,
0.0570005,282.137,
0.0580005,-102.402,
0.0590004,126.888,
0.0600004,91.9714,
0.0610004,363.279,
0.0620003,-691.708,
0.0630008,-415.279,
0.0640005,22.7186,
0.0650005,117.688,
0.0660002,777.237,
0.0670007,757.479,
0.0680004,363.003,
0.0690001,743.565,
0.0700006,584.495,
0.0710003,313.218,
0.072,909.111,
0.0730005,145.972,
0.0740002,-148.304,
0.0750008,229.587,
0.0760004,224.333,
0.0770001,349.322,
0.0780007,873.654,
0.0790003,94.0987,
0.08,196.632,
0.0810006,-771.852,
0.0820002,525.065,
0.0830008,-336.627,
0.0840007,-96.7008,
0.0850001,-259.54,
0.0860002,36.7006,
0.0870008,376.737,
0.0880004,-330.433,
0.0890002,636.284,
0.0900004,58.541,
0.0910005,503.715,
0.0920007,351.675,
0.0930001,-236.585,
0.0940001,724.813,
0.0950003,660.964,
0.0960008,-261.575,
0.0970005,450.116,
0.0980002,15.6563,
0.0990005,119.127,
0.1,-246.54,
0.101001,831.508,
0.102001,-160.053,
0.103,-383.676,
0.104001,-150.128,
0.105001,390.692,
0.106,249.566,
0.107,493.744,
0.108,40.4788,
0.109001,37.8612,
0.11,1090.39,
0.111,197.179,
0.112,287.746,
0.113001,-356.765,
0.114001,616.528,
0.115,-592.039,
0.116,-1006.08,
0.117001,-217.369,
0.118001,-318.546,
0.119,-177.104,
0.12,415.047,
0.121,-173.801,
0.122001,273.492,
0.123,-236.681,
0.124,20.6692,
0.125,337.728,
0.126,-264.783,
0.127001,-199.86,
0.128,185.308,
0.129,305.99,
0.130001,126.355,
0.131,172.798,
0.132001,-616.524,
0.133,382.321,
0.134,-512.761,
0.135001,-159.498,
0.136,-265.638,
0.137,-88.7264,
0.138001,630.152,
0.139,-125.346,
0.140001,485.709,
0.141,272.261,
0.142,292.177,
0.143001,98.2703,
0.144,-87.9347,
0.145,-390.478,
0.146001,-563.056,
0.147,251.8,
0.148001,-518.685,
0.149,18.5637,
0.15,-347.496,
0.151001,-23.8134,
0.152,-351.33,
0.153,130.03,
0.154001,-310.063,
0.155,629.6,
0.156001,8.15193,
0.157,114.568,
0.158,661.654,
0.159001,-9.75414,
0.16,42.5109,
0.161,72.7963,
0.162001,291.449,
0.163,-540.704,
0.164001,103.803,
0.165001,-255.143,
0.166,-439.543,
0.167001,-65.2257,
0.168,191.591,
0.169,187.024,
0.170001,-23.3658,
0.171,-234.125,
0.172,13.8331,
0.173001,-276.571,
0.174,16.7439,
0.175001,-242.048,
0.176,721.99,
0.177,225.162,
0.178001,16.7437,
0.179,285.087,
0.18,-710.188,
0.181001,-205.348,
0.182,262.937,
0.183001,-67.4112,
0.184,-237.753,
0.185,22.7468,
0.186001,-217.088,
0.187,-18.4528,
0.188,-137.895,
0.189001,253.272,
0.19,369.193,
0.191001,186.7,
0.192,23.7315,
0.193,-177.615,
0.194001,-244.084,
0.195,217.744,
0.196,210.229,
0.197001,131.613,
0.198,83.9386,
0.199001,358.247,
0.2,-236.983,
0.201,225.205,
0.202001,-362.741,
0.203,53.7127,
0.204,-117.77,
0.205001,-180.195,
0.206,-121.115,
0.207001,-362.423,
0.208,155.621,
0.209,-86.694,
0.210001,-209.509,
0.211,213.702,
0.212,-329.788,
0.213001,131.43,
0.214,264.039,
0.215001,-32.3207,
0.216001,106.063,
0.217,-84.2147,
0.218001,-14.2681,
0.219,311.082,
0.22,-83.8537,
0.221001,-166.75,
0.222,142.873,
0.223,-71.6927,
0.224001,-37.3359,
0.225,-182.175,
0.226001,-328.431,
0.227,-41.4166,
0.228,265.119,
0.229001,-205.105,
0.23,145.675,
0.231,37.8493,
0.232001,141.562,
0.233,300.036,
0.234001,-75.9909,
0.235,44.7629,
0.236,288.178,
0.237001,211.683,
0.238,-305.448,
0.239,-6.04171,
0.240001,-601.571,
0.241,105.915,
0.242001,-278.341,
0.243,88.0805,
0.244,-135.976,
0.245001,57.7791,
0.246,134.737,
0.247,225.336,
0.248001,-48.1484,
0.249,405.956,
0.250001,-339.814,
0.251,131.016,
0.252,-188.556,
0.253001,266.368,
0.254,-214.755,
0.255,139.37,
0.256001,9.79046,
0.257,-255.256,
0.258001,-239.557,
0.259001,128.508,
0.26,-174.108,
0.261001,204.576,
0.262,-223.354,
0.263,185.352,
0.264001,-138.51,
0.265,338.532,
0.266,107.956,
0.267001,-75.9913,
0.268,184.22,
0.269001,-190.946,
0.27,-146.197,
0.271,-354.693,
0.272001,-346.832,
0.273,42.2564,
0.274,-206.472,
0.275001,70.4751,
0.276,102.209,
0.277001,-50.7729,
0.278,206.407,
0.279,-114.11,
0.280001,249.255,
0.281,-249.65,
0.282,-88.7535,
0.283001,-13.8311,
0.284,-133.994,
0.285001,-140.496,
0.286,-167.861,
0.287,107.441,
0.288001,-100.597,
0.289,93.6115,
0.29,-362.613,
0.291001,-285.117,
0.292,292.011,
0.293001,183,
0.294,337.111,
0.295,-27.8061,
0.296001,39.7831,
0.297,262.374,
0.298,-530.262,
0.299001,300.156,
0.3,-30.1043,
Time(s),Acceleration(m_s2),8_AT3_Floor/AT/C3/MeshedPart-PART-1-1 at Node 160959
0,-9.31477,
0.00100059,-10.4791,
0.0020004,-9.31477,
0.00300008,-9.31479,
0.00400059,-10.4791,
0.00500027,23.288,
0.00600079,137.415,
0.00700047,-130.451,
0.00800003,209.648,
0.00900083,699.997,
0.0100008,334.315,
0.0110008,251.02,
0.0120007,613.253,
0.0130007,48.9087,
0.0140004,234.038,
0.0150006,-284.646,
0.0160004,-346.898,
0.0170004,-295.056,
0.0180004,-491.8,
0.0190003,-254.914,
0.0200003,-374.784,
0.0210002,-125.717,
0.0220002,38.421,
0.0230002,74.5179,
0.0240001,29.111,
0.0250001,301.625,
0.026,-30.2813,
0.027,274.867,
0.0280008,161.883,
0.0290008,133.946,
0.0300007,250.409,
0.0310007,-42.5132,
0.0320006,226.518,
0.0330006,232.903,
0.0340006,50.6568,
0.0350005,217.751,
0.0360005,-94.8951,
0.0370005,-123.994,
0.0380004,-120.5,
0.0390004,105.941,
0.0400003,-262.523,
0.0410003,-84.9866,
0.0420003,-29.1044,
0.0430002,-121.648,
0.0440002,30.8498,
0.0450001,-252.622,
0.0460001,480.789,
0.0470001,-105.942,
0.048,-0.582071,
0.0490008,163.565,
0.0500008,163.544,
0.0510007,-128.039,
0.0520007,-164.108,
0.0530007,-111.723,
0.0540006,-194.906,
0.0550006,97.7353,
0.0560006,-180.336,
0.0570005,139.033,
0.0580005,329.898,
0.0590004,164.139,
0.0600004,712.487,
0.0610004,603.719,
0.0620003,-320.817,
0.0630008,391.399,
0.0640005,-581.363,
0.0650005,-83.8965,
0.0660002,21.5576,
0.0670007,-67.0078,
0.0680004,-152.077,
0.0690001,561.753,
0.0700006,237.761,
0.0710003,586.228,
0.072,977.877,
0.0730005,669.257,
0.0740002,116.254,
0.0750008,161.993,
0.0760004,803.521,
0.0770001,259.734,
0.0780007,-516.879,
0.0790003,424.901,
0.08,181.047,
0.0810006,459.994,
0.0820002,109.091,
0.0830008,528.174,
0.0840007,171.484,
0.0850001,-156.569,
0.0860002,-80.2461,
0.0870008,583.309,
0.0880004,90.6726,
0.0890002,217.507,
0.0900004,-276.067,
0.0910005,137.615,
0.0920007,793.89,
0.0930001,988.793,
0.0940001,-376.935,
0.0950003,233.687,
0.0960008,-109.822,
0.0970005,197.786,
0.0980002,-448.571,
0.0990005,463.839,
0.1,-445.898,
0.101001,639.868,
0.102001,166.752,
0.103,298.787,
0.104001,-369.567,
0.105001,407.293,
0.106,163.805,
0.107,-401.722,
0.108,216.955,
0.109001,-235.468,
0.11,454.328,
0.111,-77.9104,
0.112,75.5771,
0.113001,158.433,
0.114001,170.368,
0.115,516.906,
0.116,-475.812,
0.117001,299.919,
0.118001,333.396,
0.119,-926.211,
0.12,256.074,
0.121,-371.184,
0.122001,211.342,
0.123,20.524,
0.124,281.654,
0.125,-16.8864,
0.126,96.9465,
0.127001,-98.838,
0.128,164.055,
0.129,-101.026,
0.130001,-280.806,
0.131,-515.264,
0.132001,-479.826,
0.133,-76.8718,
0.134,225.443,
0.135001,-44.8429,
0.136,39.6018,
0.137,155.835,
0.138001,-116.261,
0.139,257.462,
0.140001,-317.545,
0.141,268.767,
0.142,-289.993,
0.143001,249.971,
0.144,28.5351,
0.145,-136.857,
0.146001,50.8163,
0.147,201.789,
0.148001,121.718,
0.149,127.835,
0.15,-14.7065,
0.151001,20.8197,
0.152,213.728,
0.153,-108.166,
0.154001,-56.9244,
0.155,12.2296,
0.156001,-76.2787,
0.157,150.379,
0.158,-272.959,
0.159001,123.164,
0.16,-486.692,
0.161,-102.934,
0.162001,159.118,
0.163,-176.085,
0.164001,142.237,
0.165001,-124.769,
0.166,21.5477,
0.167001,-175.585,
0.168,40.8368,
0.169,35.4537,
0.170001,-382.987,
0.171,134.316,
0.172,141.899,
0.173001,-127.62,
0.174,379.067,
0.175001,-194.294,
0.176,615.417,
0.177,-64.4983,
0.178001,137.444,
0.179,-259.898,
0.18,24.0224,
0.181001,11.0645,
0.182,418.719,
0.183001,-119.826,
0.184,184.029,
0.185,127.819,
0.186001,14.4131,
0.187,284.326,
0.188,-476.029,
0.189001,54.5923,
0.19,-247.051,
0.191001,218.363,
0.192,-19.3637,
0.193,-315.922,
0.194001,-316.079,
0.195,204.131,
0.196,-314.034,
0.197001,594.951,
0.198,-254.728,
0.199001,188.731,
0.2,385.244,
0.201,-330.164,
0.202001,66.0853,
0.203,-164.268,
0.204,-98.5541,
0.205001,58.1485,
0.206,-168.207,
0.207001,275.293,
0.208,-322.67,
0.209,35.2308,
0.210001,251.949,
0.211,-17.9055,
0.212,98.052,
0.213001,-72.3573,
0.214,469.92,
0.215001,-219.548,
0.216001,29.5549,
0.217,-100.301,
0.218001,8.0076,
0.219,-80.2088,
0.22,205.267,
0.221001,-66.8163,
0.222,-322.647,
0.223,253.436,
0.224001,-172.269,
0.225,-167.691,
0.226001,-157.155,
0.227,-164.065,
0.228,-208.07,
0.229001,48.8379,
0.23,-95.5642,
0.231,-71.1676,
0.232001,-49.301,
0.233,362.162,
0.234001,-175.929,
0.235,-253.31,
0.236,243.939,
0.237001,154.031,
0.238,-194.035,
0.239,230.786,
0.240001,-279.712,
0.241,355.526,
0.242001,65.2908,
0.243,117.416,
0.244,-450.765,
0.245001,341.106,
0.246,-291.165,
0.247,250.123,
0.248001,-110.927,
0.249,167.274,
0.250001,-217.88,
0.251,228.697,
0.252,-124.976,
0.253001,-12.8835,
0.254,-279.109,
0.255,208.71,
0.256001,-131.753,
0.257,-8.62621,
0.258001,-324.104,
0.259001,90.0396,
0.26,-514.877,
0.261001,182.737,
0.262,288.46,
0.263,-415.098,
0.264001,62.1668,
0.265,203.452,
0.266,-177.366,
0.267001,-442.591,
0.268,291.215,
0.269001,-114.528,
0.27,56.8665,
0.271,273.695,
0.272001,11.555,
0.273,-32.9753,
0.274,114.266,
0.275001,44.2562,
0.276,-148.072,
0.277001,119.298,
0.278,262.076,
0.279,42.0953,
0.280001,46.6658,
0.281,-82.4066,
0.282,-24.495,
0.283001,-150.141,
0.284,-42.9844,
0.285001,-385.273,
0.286,74.8609,
0.287,165.763,
0.288001,-22.7745,
0.289,36.8297,
0.29,54.7704,
0.291001,-262.916,
0.292,17.2317,
0.293001,-270.878,
0.294,-179.402,
0.295,-254.768,
0.296001,-49.2102,
0.297,-30.3558,
0.298,10.7741,
0.299001,328.985,
0.3,2.3142,
Time(s),Acceleration(m_s2),9_AT3_Floor/AT/C3/MeshedPart-PART-1-1 at Node 160902
0,-9.31477,
0.00100059,-9.31477,
0.0020004,-10.4791,
0.00300008,-10.4791,
0.00400059,-9.31479,
0.00500027,12.8084,
0.00600079,10.4808,
0.00700047,279.537,
0.00800003,192.177,
0.00900083,547.418,
0.0100008,336.645,
0.0110008,80.9554,
0.0120007,223.636,
0.0130007,149.637,
0.0140004,267.223,
0.0150006,-118.748,
0.0160004,-126.303,
0.0170004,-96.024,
0.0180004,-297.99,
0.0190003,-329.991,
0.0200003,-375.948,
0.0210002,-54.7104,
0.0220002,-227.033,
0.0230002,-309.715,
0.0240001,136.24,
0.0250001,80.3557,
0.026,319.118,
0.027,-96.6693,
0.0280008,480.99,
0.0290008,97.2564,
0.0300007,-122.293,
0.0310007,251.003,
0.0320006,-209.631,
0.0330006,313.837,
0.0340006,45.9987,
0.0350005,-193.88,
0.0360005,376.67,
0.0370005,160.668,
0.0380004,527.405,
0.0390004,-73.3435,
0.0400003,-281.15,
0.0410003,126.898,
0.0420003,-353.328,
0.0430002,52.3843,
0.0440002,64.6099,
0.0450001,-51.8049,
0.0460001,339.928,
0.0470001,191.511,
0.048,169.965,
0.0490008,-42.492,
0.0500008,-151.322,
0.0510007,-83.225,
0.0520007,-30.261,
0.0530007,-403.83,
0.0540006,48.8721,
0.0550006,-347.891,
0.0560006,295.518,
0.0570005,403.137,
0.0580005,409.027,
0.0590004,184.511,
0.0600004,327.721,
0.0610004,341.739,
0.0620003,434.355,
0.0630008,451.39,
0.0640005,-850.491,
0.0650005,1045.21,
0.0660002,-610.021,
0.0670007,411.37,
0.0680004,191.116,
0.0690001,337.984,
0.0700006,-130.535,
0.0710003,639.84,
0.072,106.354,
0.0730005,-89.7393,
0.0740002,687.616,
0.0750008,18.0639,
0.0760004,1294.14,
0.0770001,5.38988,
0.0780007,762.353,
0.0790003,89.4375,
0.08,71.443,
0.0810006,390.369,
0.0820002,-147.251,
0.0830008,285.135,
0.0840007,361.135,
0.0850001,-262.235,
0.0860002,72.2361,
0.0870008,389.261,
0.0880004,45.9325,
0.0890002,140.411,
0.0900004,-463.477,
0.0910005,130.243,
0.0920007,343.457,
0.0930001,48.0052,
0.0940001,41.4548,
0.0950003,-40.2162,
0.0960008,-26.2175,
0.0970005,789.833,
0.0980002,473.985,
0.0990005,75.0007,
0.1,259.792,
0.101001,199.358,
0.102001,495.742,
0.103,-36.4019,
0.104001,-137.168,
0.105001,-92.7585,
0.106,22.1318,
0.107,-97.5548,
0.108,-406.39,
0.109001,64.5097,
0.11,106.301,
0.111,-83.5898,
0.112,-185.666,
0.113001,-203.283,
0.114001,-412.669,
0.115,157.984,
0.116,236.159,
0.117001,403.29,
0.118001,-110.938,
0.119,432.242,
0.12,-32.7554,
0.121,-26.0556,
0.122001,-297.945,
0.123,-240.756,
0.124,-486.163,
0.125,121.116,
0.126,-731.32,
0.127001,-107.681,
0.128,177.284,
0.129,295.8,
0.130001,272.581,
0.131,40.1788,
0.132001,198.423,
0.133,761.584,
0.134,-239.347,
0.135001,-145.594,
0.136,395.872,
0.137,-103.793,
0.138001,216.505,
0.139,83.564,
0.140001,-412.328,
0.141,121.28,
0.142,-484.05,
0.143001,405.747,
0.144,-506.498,
0.145,-43.1681,
0.146001,176.11,
0.147,76.4354,
0.148001,368.94,
0.149,168.311,
0.15,212.152,
0.151001,501.128,
0.152,12.5208,
0.153,83.5628,
0.154001,-527.315,
0.155,-510.439,
0.156001,244.849,
0.157,-377.477,
0.158,-112.459,
0.159001,-134.52,
0.16,102.128,
0.161,88.1563,
0.162001,43.0913,
0.163,196.977,
0.164001,196.978,
0.165001,101.329,
0.166,-129.577,
0.167001,195.24,
0.168,-240.071,
0.169,451.944,
0.170001,253.02,
0.171,196.269,
0.172,-393.589,
0.173001,-246.067,
0.174,-6.98876,
0.175001,-521.513,
0.176,-23.0035,
0.177,42.8047,
0.178001,-164.962,
0.179,145.601,
0.18,-369.216,
0.181001,278.068,
0.182,129.721,
0.183001,-188.256,
0.184,146.903,
0.185,41.4901,
0.186001,448.262,
0.187,-175.72,
0.188,48.4763,
0.189001,-428.877,
0.19,313.29,
0.191001,-119.517,
0.192,137.73,
0.193,59.9814,
0.194001,-93.4698,
0.195,-2.03839,
0.196,187.081,
0.197001,305.01,
0.198,278.97,
0.199001,264.791,
0.2,-153.428,
0.201,-32.1721,
0.202001,-288.941,
0.203,-350.516,
0.204,-19.6526,
0.205001,175.101,
0.206,1.16457,
0.207001,-77.3034,
0.208,-158.678,
0.209,121.561,
0.210001,-358.305,
0.211,160.131,
0.212,-344.165,
0.213001,48.8448,
0.214,-114.423,
0.215001,-122.658,
0.216001,-2.47504,
0.217,-127.523,
0.218001,50.9574,
0.219,-135.78,
0.22,-35.9399,
0.221001,-216.825,
0.222,136.523,
0.223,35.7008,
0.224001,-38.5004,
0.225,329.96,
0.226001,-74.1009,
0.227,197.912,
0.228,123.306,
0.229001,149.207,
0.23,-235.599,
0.231,-30.7889,
0.232001,-336.327,
0.233,79.9951,
0.234001,-194.854,
0.235,-347.986,
0.236,3.93069,
0.237001,97.7616,
0.238,181.478,
0.239,-11.5739,
0.240001,259.948,
0.241,-69.0086,
0.242001,148.269,
0.243,-215.615,
0.244,-72.4281,
0.245001,104.93,
0.246,-313.185,
0.247,166.3,
0.248001,-304.194,
0.249,-305.359,
0.250001,-148.323,
0.251,263.561,
0.252,-80.3938,
0.253001,88.0191,
0.254,84.3187,
0.255,6.92484,
0.256001,252.914,
0.257,-174.044,
0.258001,554.016,
0.259001,-218.424,
0.26,134.096,
0.261001,44.1511,
0.262,-113.888,
0.263,354.616,
0.264001,-144.607,
0.265,-13.6126,
0.266,-39.7464,
0.267001,-212.452,
0.268,-108.778,
0.269001,-63.6836,
0.27,-311.847,
0.271,398.95,
0.272001,-15.6766,
0.273,175.969,
0.274,326.608,
0.275001,-212.717,
0.276,-156.955,
0.277001,-35.7185,
0.278,-192.795,
0.279,-382.661,
0.280001,-235.44,
0.281,11.3564,
0.282,194.286,
0.283001,-76.4352,
0.284,263.111,
0.285001,184.665,
0.286,364.425,
0.287,123.528,
0.288001,135.246,
0.289,-92.4104,
0.29,-118.293,
0.291001,14.9946,
0.292,434.522,
0.293001,-381.759,
0.294,441.717,
0.295,-16.3051,
0.296001,109.849,
0.297,-21.1108,
0.298,24.8242,
0.299001,-179.89,
0.3,-238.01,
Time(s),Acceleration(m_s2),10_AT3_Floor/AT/C3/MeshedPart-PART-1-1 at Node 161015
0,-9.31477,
0.00100059,-9.31477,
0.0020004,-10.4791,
0.00300008,-8.15044,
0.00400059,-12.8078,
0.00500027,-292.264,
0.00600079,131.592,
0.00700047,-576.545,
0.00800003,-153.742,
0.00900083,-19.8002,
0.0100008,-411.196,
0.0110008,-3.49448,
0.0120007,-140.937,
0.0130007,10.4804,
0.0140004,153.697,
0.0150006,285.228,
0.0160004,280.545,
0.0170004,283.998,
0.0180004,309.631,
0.0190003,544.747,
0.0200003,240.933,
0.0210002,299.161,
0.0220002,295.143,
0.0230002,94.3117,
0.0240001,376.115,
0.0250001,-140.331,
0.026,13.976,
0.027,-171.792,
0.0280008,-215.455,
0.0290008,-121.716,
0.0300007,-145.587,
0.0310007,66.3905,
0.0320006,-83.8523,
0.0330006,271.332,
0.0340006,-158.375,
0.0350005,164.187,
0.0360005,254.994,
0.0370005,118.755,
0.0380004,256.135,
0.0390004,93.1346,
0.0400003,303.269,
0.0410003,456.948,
0.0420003,-85.567,
0.0430002,240.968,
0.0440002,199.068,
0.0450001,121.072,
0.0460001,-182.188,
0.0470001,76.8374,
0.048,-63.4458,
0.0490008,305.011,
0.0500008,322.432,
0.0510007,58.7813,
0.0520007,323.56,
0.0530007,179.803,
0.0540006,96.5805,
0.0550006,194.307,
0.0560006,-161.139,
0.0570005,20.3604,
0.0580005,-22.1096,
0.0590004,132.126,
0.0600004,-261.944,
0.0610004,294,
0.0620003,951.39,
0.0630008,-71.0576,
0.0640005,1083.5,
0.0650005,-425.017,
0.0660002,340.551,
0.0670007,-359.22,
0.0680004,163.73,
0.0690001,-541.649,
0.0700006,9.32394,
0.0710003,342.938,
0.072,118.01,
0.0730005,-280.29,
0.0740002,-7.28407,
0.0750008,474.906,
0.0760004,-263.373,
0.0770001,13.6932,
0.0780007,-624.975,
0.0790003,-65.2573,
0.08,368.212,
0.0810006,-8.7396,
0.0820002,951.962,
0.0830008,-689.569,
0.0840007,1244,
0.0850001,507.866,
0.0860002,-42.2348,
0.0870008,461.929,
0.0880004,-200.095,
0.0890002,717.111,
0.0900004,-474.881,
0.0910005,129.023,
0.0920007,967.652,
0.0930001,-203.599,
0.0940001,405.045,
0.0950003,190.504,
0.0960008,-454.073,
0.0970005,985.143,
0.0980002,-453.377,
0.0990005,608.962,
0.1,122.287,
0.101001,69.9719,
0.102001,735.467,
0.103,260.638,
0.104001,706.517,
0.105001,129.745,
0.106,-114.008,
0.107,269.659,
0.108,-44.9926,
0.109001,142.708,
0.11,-250.754,
0.111,-1002.28,
0.112,720.167,
0.113001,-177.145,
0.114001,155.151,
0.115,154.926,
0.116,374.04,
0.117001,319.283,
0.118001,22.5661,
0.119,-342.998,
0.12,373.411,
0.121,-704.375,
0.122001,307.406,
0.123,340.174,
0.124,312.658,
0.125,342.969,
0.126,175.552,
0.127001,469.881,
0.128,-435.248,
0.129,105.976,
0.130001,-676.32,
0.131,377.622,
0.132001,-275.434,
0.133,341.555,
0.134,-603.025,
0.135001,440.858,
0.136,318.852,
0.137,-48.6212,
0.138001,-347.108,
0.139,-420.44,
0.140001,-37.2726,
0.141,-266.729,
0.142,-496.133,
0.143001,94.6307,
0.144,-278.8,
0.145,325.253,
0.146001,-354.841,
0.147,-144.426,
0.148001,-515.337,
0.149,223.275,
0.15,-225.403,
0.151001,-472.155,
0.152,-140.605,
0.153,492.678,
0.154001,-284.112,
0.155,94.397,
0.156001,11.7912,
0.157,-72.8058,
0.158,94.3712,
0.159001,-269.196,
0.16,343.836,
0.161,-11.9022,
0.162001,338.216,
0.163,42.9477,
0.164001,404.001,
0.165001,271.376,
0.166,192.619,
0.167001,221.301,
0.168,-511.589,
0.169,-296.443,
0.170001,5.96883,
0.171,-285.085,
0.172,57.8079,
0.173001,64.2104,
0.174,239.365,
0.175001,-183.884,
0.176,-40.3289,
0.177,-393.76,
0.178001,-479.671,
0.179,157.177,
0.18,-96.2896,
0.181001,42.6384,
0.182,-541.698,
0.183001,21.4755,
0.184,-172.346,
0.185,255.101,
0.186001,-483.13,
0.187,209.386,
0.188,-244.784,
0.189001,-78.1033,
0.19,53.137,
0.191001,-222.803,
0.192,258.134,
0.193,381.071,
0.194001,524.858,
0.195,335.971,
0.196,116.543,
0.197001,249.249,
0.198,-42.2969,
0.199001,-96.3672,
0.2,-148.77,
0.201,46.948,
0.202001,-258.446,
0.203,186.539,
0.204,-68.2018,
0.205001,-48.1781,
0.206,109.542,
0.207001,171.567,
0.208,-165.811,
0.209,-255.714,
0.210001,52.4863,
0.211,30.6432,
0.212,208.77,
0.213001,32.539,
0.214,260.145,
0.215001,-385.737,
0.216001,7.7891,
0.217,-81.0484,
0.218001,-214.494,
0.219,-104.537,
0.22,25.6675,
0.221001,-177.176,
0.222,21.9532,
0.223,216.061,
0.224001,300.58,
0.225,407,
0.226001,605.472,
0.227,289.844,
0.228,30.135,
0.229001,98.8404,
0.23,599.442,
0.231,157.22,
0.232001,-96.0727,
0.233,-340.216,
0.234001,-213.852,
0.235,-186.767,
0.236,-161.886,
0.237001,-496.888,
0.238,-194.8,
0.239,-8.07988,
0.240001,-405.755,
0.241,-176.198,
0.242001,-410.797,
0.243,181.42,
0.244,-14.199,
0.245001,-171.599,
0.246,-58.0147,
0.247,-102.258,
0.248001,114.948,
0.249,-174.08,
0.250001,-103.626,
0.251,6.66,
0.252,-93.3136,
0.253001,-41.8896,
0.254,-62.1698,
0.255,-229.603,
0.256001,215.681,
0.257,-2.40224,
0.258001,517.038,
0.259001,206.197,
0.26,35.5442,
0.261001,232.075,
0.262,-36.1792,
0.263,392.505,
0.264001,77.8905,
0.265,103.369,
0.266,-13.2488,
0.267001,29.4066,
0.268,39.3042,
0.269001,-135.402,
0.27,-153.367,
0.271,144.927,
0.272001,-103.212,
0.273,-504.529,
0.274,-14.0876,
0.275001,-478.742,
0.276,-73.8175,
0.277001,-273.191,
0.278,327.573,
0.279,-287.915,
0.280001,51.762,
0.281,59.4391,
0.282,58.3804,
0.283001,116.946,
0.284,95.3227,
0.285001,237.351,
0.286,-366.768,
0.287,132.699,
0.288001,-114.063,
0.289,29.6631,
0.29,244.192,
0.291001,141.03,
0.292,-36.474,
0.293001,203.491,
0.294,-195.89,
0.295,432.732,
0.296001,-270.179,
0.297,220.649,
0.298,177.973,
0.299001,334.263,
0.3,-274.724,
Time(s),Acceleration(m_s2),11_AT3_Floor/AT/C3/MeshedPart-PART-1-1 at Node 160972
0,-9.31477,
0.00100059,-9.31477,
0.0020004,-9.31477,
0.00300008,-9.31479,
0.00400059,-9.31479,
0.00500027,-109.453,
0.00600079,18.6325,
0.00700047,-266.725,
0.00800003,-152.577,
0.00900083,-153.743,
0.0100008,-330.821,
0.0110008,-359.931,
0.0120007,-93.1818,
0.0130007,-404.079,
0.0140004,265.476,
0.0150006,-20.9555,
0.0160004,360.867,
0.0170004,572.652,
0.0180004,309.631,
0.0190003,704.214,
0.0200003,452.767,
0.0210002,226.99,
0.0220002,365,
0.0230002,72.7714,
0.0240001,-128.089,
0.0250001,231.751,
0.026,-147.912,
0.027,152.574,
0.0280008,-148.49,
0.0290008,-33.1953,
0.0300007,-40.1819,
0.0310007,-248.673,
0.0320006,248.646,
0.0330006,4.0758,
0.0340006,-177.59,
0.0350005,157.2,
0.0360005,369.683,
0.0370005,27.9423,
0.0380004,157.174,
0.0390004,-8.73137,
0.0400003,-43.0747,
0.0410003,23.8661,
0.0420003,156,
0.0430002,106.515,
0.0440002,388.824,
0.0450001,140.863,
0.0460001,222.932,
0.0470001,303.275,
0.048,317.811,
0.0490008,-74.5066,
0.0500008,157.724,
0.0510007,-51.7974,
0.0520007,333.453,
0.0530007,123.36,
0.0540006,265.887,
0.0550006,422.938,
0.0560006,118.673,
0.0570005,347.291,
0.0580005,-49.4557,
0.0590004,-53.549,
0.0600004,-445.305,
0.0610004,-262.562,
0.0620003,93.1593,
0.0630008,548.075,
0.0640005,-213.205,
0.0650005,164.297,
0.0660002,454.748,
0.0670007,471.385,
0.0680004,212.966,
0.0690001,-441.128,
0.0700006,165.791,
0.0710003,-287.287,
0.072,-217.662,
0.0730005,-400.913,
0.0740002,185.015,
0.0750008,671.57,
0.0760004,-102.552,
0.0770001,537.822,
0.0780007,184.433,
0.0790003,233.645,
0.08,49.5221,
0.0810006,181.784,
0.0820002,214.104,
0.0830008,312.884,
0.0840007,60.0011,
0.0850001,756.337,
0.0860002,-358.268,
0.0870008,491.054,
0.0880004,292.096,
0.0890002,50.2808,
0.0900004,206.177,
0.0910005,-327.236,
0.0920007,-114.167,
0.0930001,202.543,
0.0940001,-344.055,
0.0950003,331.306,
0.0960008,-151.552,
0.0970005,531.422,
0.0980002,-925.177,
0.0990005,652.36,
0.1,-522.86,
0.101001,610.57,
0.102001,-149.021,
0.103,-218.239,
0.104001,155.361,
0.105001,-287.859,
0.106,235.67,
0.107,-121.953,
0.108,530.647,
0.109001,112.947,
0.11,10.3389,
0.111,261.327,
0.112,287.382,
0.113001,-223.524,
0.114001,553.769,
0.115,-278.765,
0.116,119.317,
0.117001,369.075,
0.118001,461.951,
0.119,-187.805,
0.12,248.213,
0.121,1.89231,
0.122001,260.538,
0.123,-225.327,
0.124,372.628,
0.125,-832.674,
0.126,354.452,
0.127001,264.053,
0.128,-116.163,
0.129,-44.8359,
0.130001,-50.0762,
0.131,561.63,
0.132001,-459.736,
0.133,142.679,
0.134,-188.1,
0.135001,-381.456,
0.136,-45.8623,
0.137,-75.9888,
0.138001,-209.517,
0.139,551.319,
0.140001,-726.088,
0.141,622.706,
0.142,-419.558,
0.143001,598.212,
0.144,-395.561,
0.145,373.881,
0.146001,-187.54,
0.147,155.2,
0.148001,-16.4523,
0.149,-98.7154,
0.15,61.5927,
0.151001,124.918,
0.152,-200.333,
0.153,122.869,
0.154001,-368.625,
0.155,78.6187,
0.156001,-146.589,
0.157,-188.229,
0.158,87.347,
0.159001,290.149,
0.16,-101.036,
0.161,20.5286,
0.162001,-474.587,
0.163,-31.1552,
0.164001,-400.507,
0.165001,71.1197,
0.166,137.803,
0.167001,-124.336,
0.168,412.882,
0.169,-213.159,
0.170001,-27.806,
0.171,149.532,
0.172,-14.2699,
0.173001,-265.287,
0.174,-163.508,
0.175001,-295.262,
0.176,346.29,
0.177,-379.928,
0.178001,161.468,
0.179,80.7359,
0.18,269.924,
0.181001,101.109,
0.182,-326.487,
0.183001,265.786,
0.184,-33.1952,
0.185,-105.545,
0.186001,-448.262,
0.187,-37.0512,
0.188,-60.741,
0.189001,481.031,
0.19,-268.306,
0.191001,385.556,
0.192,-319.429,
0.193,429.77,
0.194001,-161.388,
0.195,-238.638,
0.196,241.167,
0.197001,-549.345,
0.198,290.272,
0.199001,-89.8688,
0.2,201.72,
0.201,-100.638,
0.202001,19.61,
0.203,131.159,
0.204,87.6178,
0.205001,-111.385,
0.206,90.8362,
0.207001,265.03,
0.208,125.778,
0.209,181.759,
0.210001,26.498,
0.211,-279.283,
0.212,0.50955,
0.213001,294.889,
0.214,-371.074,
0.215001,225.371,
0.216001,163.498,
0.217,-103.212,
0.218001,72.5051,
0.219,-253.582,
0.22,-14.4124,
0.221001,79.4808,
0.222,75.2577,
0.223,69.1453,
0.224001,-6.55017,
0.225,-101.75,
0.226001,-64.6381,
0.227,-184.883,
0.228,185.177,
0.229001,-365.738,
0.23,466.03,
0.231,-357.53,
0.232001,-17.9772,
0.233,-329.152,
0.234001,412.928,
0.235,-391.439,
0.236,-54.5202,
0.237001,-201.601,
0.238,9.72725,
0.239,-132.499,
0.240001,458.712,
0.241,-544.317,
0.242001,436.619,
0.243,-261.621,
0.244,260.122,
0.245001,122.619,
0.246,-79.197,
0.247,52.485,
0.248001,55.9002,
0.249,-24.2758,
0.250001,-230.419,
0.251,-209.444,
0.252,74.3707,
0.253001,-65.1818,
0.254,25.9526,
0.255,-61.7503,
0.256001,41.4184,
0.257,-329.739,
0.258001,382.61,
0.259001,-296.844,
0.26,20.0198,
0.261001,-171.909,
0.262,176.255,
0.263,-273.687,
0.264001,289.159,
0.265,29.6912,
0.266,186.211,
0.267001,-241.071,
0.268,461.562,
0.269001,-52.6685,
0.27,0.748363,
0.271,44.5846,
0.272001,148.086,
0.273,-137.797,
0.274,51.6908,
0.275001,142.916,
0.276,-31.3761,
0.277001,-77.4878,
0.278,102.421,
0.279,-188.546,
0.280001,-58.0957,
0.281,-58.5291,
0.282,173.176,
0.283001,40.0739,
0.284,211.028,
0.285001,-109.485,
0.286,12.7388,
0.287,-245.126,
0.288001,-89.9332,
0.289,-146.35,
0.29,-225.632,
0.291001,23.0936,
0.292,-215.705,
0.293001,278.594,
0.294,-113.314,
0.295,348.604,
0.296001,-132.252,
0.297,-70.6665,
0.298,-126.282,
0.299001,-79.0043,
0.3,-429.599,
Time(s),Acceleration(m_s2),12_AT3_Floor/AT/C3/MeshedPart-PART-1-1 at Node 160889
0,-9.31477,
0.00100059,-9.31477,
0.0020004,-9.31477,
0.00300008,-10.4791,
0.00400059,-9.31479,
0.00500027,-97.8094,
0.00600079,-100.15,
0.00700047,-164.228,
0.00800003,-485.684,
0.00900083,54.7418,
0.0100008,-390.229,
0.0110008,-59.4061,
0.0120007,-82.6988,
0.0130007,-107.133,
0.0140004,175.82,
0.0150006,65.195,
0.0160004,414.415,
0.0170004,239.769,
0.0180004,244.445,
0.0190003,406.233,
0.0200003,502.816,
0.0210002,294.505,
0.0220002,290.486,
0.0230002,248.005,
0.0240001,445.399,
0.0250001,-264.941,
0.026,160.724,
0.027,-497.905,
0.0280008,-122.868,
0.0290008,-118.222,
0.0300007,-406.478,
0.0310007,201.501,
0.0320006,-73.3708,
0.0330006,218.929,
0.0340006,-163.033,
0.0350005,217.751,
0.0360005,378.998,
0.0370005,-319.008,
0.0380004,360.335,
0.0390004,90.8063,
0.0400003,275.329,
0.0410003,498.277,
0.0420003,75.6715,
0.0430002,575.063,
0.0440002,323.05,
0.0450001,-6.98493,
0.0460001,154.83,
0.0470001,-92.5541,
0.048,200.815,
0.0490008,7.56708,
0.0500008,211.851,
0.0510007,-29.0997,
0.0520007,334.617,
0.0530007,66.3352,
0.0540006,242.033,
0.0550006,-33.7419,
0.0560006,459.565,
0.0570005,-347.291,
0.0580005,248.442,
0.0590004,-40.7438,
0.0600004,-209.555,
0.0610004,158.353,
0.0620003,-308.008,
0.0630008,1185.26,
0.0640005,-43.6896,
0.0650005,305.29,
0.0660002,565.158,
0.0670007,886.251,
0.0680004,-611.512,
0.0690001,434.426,
0.0700006,277.679,
0.0710003,177.733,
0.072,319.354,
0.0730005,579.518,
0.0740002,434.276,
0.0750008,-578.337,
0.0760004,424.776,
0.0770001,-851.018,
0.0780007,453.944,
0.0790003,159.647,
0.08,-3.78699,
0.0810006,126.578,
0.0820002,58.6965,
0.0830008,-153.82,
0.0840007,319.666,
0.0850001,438.903,
0.0860002,244.889,
0.0870008,-149.996,
0.0880004,-429.607,
0.0890002,203.89,
0.0900004,-4.65998,
0.0910005,-30.4355,
0.0920007,-166.518,
0.0930001,412.076,
0.0940001,693.645,
0.0950003,262.989,
0.0960008,-316.504,
0.0970005,-84.3649,
0.0980002,141.58,
0.0990005,535.901,
0.1,325.231,
0.101001,262.886,
0.102001,-457.131,
0.103,492.627,
0.104001,20.3859,
0.105001,427.971,
0.106,-429.969,
0.107,-48.4134,
0.108,247.314,
0.109001,-347.377,
0.11,96.763,
0.111,-589.279,
0.112,263.064,
0.113001,-9.17396,
0.114001,211.868,
0.115,-250.954,
0.116,-625.268,
0.117001,509.644,
0.118001,-236.762,
0.119,4.98628,
0.12,-385.003,
0.121,318.595,
0.122001,-97.5154,
0.123,595.34,
0.124,-205.455,
0.125,431.986,
0.126,109.756,
0.127001,750.82,
0.128,515.602,
0.129,-303.079,
0.130001,18.7786,
0.131,243.693,
0.132001,57.9401,
0.133,43.9683,
0.134,193.341,
0.135001,119.387,
0.136,318.27,
0.137,-102.483,
0.138001,27.6638,
0.139,-229.146,
0.140001,-164.232,
0.141,505.794,
0.142,-725.274,
0.143001,186.932,
0.144,-426.571,
0.145,296.717,
0.146001,-248.112,
0.147,-61.1483,
0.148001,-99.0052,
0.149,-279.548,
0.15,-542.54,
0.151001,3.78539,
0.152,-607.115,
0.153,-101.032,
0.154001,328.298,
0.155,341.263,
0.156001,11.7912,
0.157,148.778,
0.158,-150.237,
0.159001,96.8134,
0.16,-19.0717,
0.161,152.581,
0.162001,128.4,
0.163,-65.3678,
0.164001,146.168,
0.165001,42.5117,
0.166,254.495,
0.167001,-90.5589,
0.168,-29.4083,
0.169,378.27,
0.170001,-497.305,
0.171,-216.362,
0.172,116.635,
0.173001,-222.334,
0.174,-10.9199,
0.175001,-25.1875,
0.176,36.8347,
0.177,-269.349,
0.178001,-310.996,
0.179,-140.287,
0.18,-238.331,
0.181001,-131.609,
0.182,-114.289,
0.183001,194.299,
0.184,-131.07,
0.185,-230.507,
0.186001,19.6542,
0.187,-41.3823,
0.188,616.071,
0.189001,27.2961,
0.19,192.385,
0.191001,-177.092,
0.192,266.579,
0.193,-225.585,
0.194001,9.17227,
0.195,-45.4271,
0.196,-209.865,
0.197001,42.4029,
0.198,109.637,
0.199001,-83.6298,
0.2,113.906,
0.201,123.884,
0.202001,307.719,
0.203,301.315,
0.204,-199.001,
0.205001,270.875,
0.206,-204.673,
0.207001,-151.695,
0.208,-98.4095,
0.209,106.711,
0.210001,-120.77,
0.211,22.2,
0.212,-70.5363,
0.213001,-293.36,
0.214,-144.594,
0.215001,69.4275,
0.216001,-14.8321,
0.217,-38.7773,
0.218001,57.9823,
0.219,30.0601,
0.22,148.928,
0.221001,306.278,
0.222,241.276,
0.223,115.727,
0.224001,-94.1768,
0.225,34.3533,
0.226001,-288.906,
0.227,-185.319,
0.228,-86.4015,
0.229001,-84.9023,
0.23,101.969,
0.231,201.475,
0.232001,241.71,
0.233,-36.1761,
0.234001,-50.6606,
0.235,407.306,
0.236,-399.038,
0.237001,-123.749,
0.238,54.1596,
0.239,-54.5938,
0.240001,90.0464,
0.241,-490.558,
0.242001,32.427,
0.243,-311.885,
0.244,40.3359,
0.245001,-289.946,
0.246,-297.844,
0.247,-277.384,
0.248001,193.249,
0.249,68.6784,
0.250001,259.192,
0.251,-395.306,
0.252,317.026,
0.253001,82.014,
0.254,12.0936,
0.255,107.931,
0.256001,215.699,
0.257,-25.0597,
0.258001,104.893,
0.259001,-245.705,
0.26,-137.117,
0.261001,50.9575,
0.262,41.3113,
0.263,103.731,
0.264001,-19.509,
0.265,-220.677,
0.266,130.067,
0.267001,21.5454,
0.268,234.551,
0.269001,132.563,
0.27,-57.4306,
0.271,87.859,
0.272001,109.836,
0.273,-22.8571,
0.274,-128.281,
0.275001,-229.335,
0.276,170.858,
0.277001,-240.107,
0.278,-81.4564,
0.279,240.032,
0.280001,-37.2562,
0.281,62.8241,
0.282,-163.895,
0.283001,-446.338,
0.284,58.9079,
0.285001,-518.562,
0.286,586.239,
0.287,34.0665,
0.288001,-44.5208,
0.289,246.422,
0.29,337.429,
0.291001,118.065,
0.292,350.966,
0.293001,-128.624,
0.294,287.975,
0.295,-392.997,
0.296001,346.655,
0.297,-26.1337,
0.298,-261.418,
0.299001,395.888,
0.3,-165.132,
